[Tue May 21 13:10:49.376857 2024] [mpm_winnt:notice] [pid 17860:tid 380] AH00455: Apache/2.4.58 (Win64) configured -- resuming normal operations
[Tue May 21 13:10:49.378864 2024] [mpm_winnt:notice] [pid 17860:tid 380] AH00456: Apache Lounge VS17 Server built: Oct 18 2023 13:03:18
[Tue May 21 13:10:49.378864 2024] [core:notice] [pid 17860:tid 380] AH00094: Command line: 'C:\\Users\\GuillaumeGasse\\Desktop\\A5_Web_Prod_V1\\Apache24\\bin\\httpd.exe -d C:/Users/GuillaumeGasse/Desktop/A5_Web_Prod_V1/Apache24'
[Tue May 21 13:10:49.380864 2024] [mpm_winnt:notice] [pid 17860:tid 380] AH00418: Parent: Created child process 748
Apache server interrupted...
024] [mpm_winnt:notice] [pid 748:tid 372] AH00354: Child: Starting 64 worker threads.
[Tue May 21 13:11:06.939321 2024] [authz_core:error] [pid 748:tid 1228] [client ::1:65307] AH01630: client denied by server configuration: C:/Users/GuillaumeGasse/Desktop/A5_Web_Prod_V1/
[Tue May 21 13:11:07.045374 2024] [authz_core:error] [pid 748:tid 1228] [client ::1:65307] AH01630: client denied by server configuration: C:/Users/GuillaumeGasse/Desktop/A5_Web_Prod_V1/favicon.ico, referer: http://localhost:8084/
[Tue May 21 13:11:16.911466 2024] [authz_core:error] [pid 748:tid 1228] [client ::1:65309] AH01630: client denied by server configuration: C:/Users/GuillaumeGasse/Desktop/A5_Web_Prod_V1/
[Tue May 21 13:11:16.944668 2024] [authz_core:error] [pid 748:tid 1228] [client ::1:65309] AH01630: client denied by server configuration: C:/Users/GuillaumeGasse/Desktop/A5_Web_Prod_V1/favicon.ico, referer: http://localhost:8084/
[Tue May 21 13:11:47.087962 2024] [mpm_winnt:notice] [pid 17860:tid 380] AH00422: Parent: Received shutdown signal -- Shutting down the server.
Apache server interrupted...
Apache server interrupted...
[Tue May 21 13:11:49.113540 2024] [mpm_winnt:notice] [pid 748:tid 372] AH00364: Child: All worker threads have exited.
[Tue May 21 13:11:49.138056 2024] [mpm_winnt:notice] [pid 17860:tid 380] AH00430: Parent: Child process 748 exited successfully.
[Tue May 21 13:11:58.311878 2024] [mpm_winnt:notice] [pid 28396:tid 376] AH00455: Apache/2.4.58 (Win64) configured -- resuming normal operations
[Tue May 21 13:11:58.312870 2024] [mpm_winnt:notice] [pid 28396:tid 376] AH00456: Apache Lounge VS17 Server built: Oct 18 2023 13:03:18
[Tue May 21 13:11:58.312870 2024] [core:notice] [pid 28396:tid 376] AH00094: Command line: 'C:\\Users\\GuillaumeGasse\\Desktop\\A5_Web_Prod_V1\\Apache24\\bin\\httpd.exe -d C:/Users/GuillaumeGasse/Desktop/A5_Web_Prod_V1/Apache24'
[Tue May 21 13:11:58.314879 2024] [mpm_winnt:notice] [pid 28396:tid 376] AH00418: Parent: Created child process 27212
Apache server interrupted...
024] [mpm_winnt:notice] [pid 27212:tid 372] AH00354: Child: Starting 64 worker threads.
[Tue May 21 13:11:58.615962 2024] [authz_core:error] [pid 27212:tid 1272] [client ::1:65324] AH01630: client denied by server configuration: C:/Users/GuillaumeGasse/Desktop/A5_Web_Prod_V1/
[Tue May 21 13:11:58.705745 2024] [authz_core:error] [pid 27212:tid 1272] [client ::1:65324] AH01630: client denied by server configuration: C:/Users/GuillaumeGasse/Desktop/A5_Web_Prod_V1/favicon.ico, referer: http://localhost:8084/
[Tue May 21 13:13:21.666290 2024] [authz_core:error] [pid 27212:tid 1232] [client ::1:65371] AH01630: client denied by server configuration: C:/Users/GuillaumeGasse/Desktop/A5_Web_Prod_V1/
[Tue May 21 13:13:21.733028 2024] [authz_core:error] [pid 27212:tid 1232] [client ::1:65371] AH01630: client denied by server configuration: C:/Users/GuillaumeGasse/Desktop/A5_Web_Prod_V1/favicon.ico, referer: http://localhost:8084/
[Tue May 21 13:13:22.655753 2024] [authz_core:error] [pid 27212:tid 1232] [client ::1:65371] AH01630: client denied by server configuration: C:/Users/GuillaumeGasse/Desktop/A5_Web_Prod_V1/
[Tue May 21 13:13:22.715504 2024] [authz_core:error] [pid 27212:tid 1232] [client ::1:65371] AH01630: client denied by server configuration: C:/Users/GuillaumeGasse/Desktop/A5_Web_Prod_V1/favicon.ico, referer: http://localhost:8084/
[Tue May 21 13:13:23.105120 2024] [authz_core:error] [pid 27212:tid 1232] [client ::1:65371] AH01630: client denied by server configuration: C:/Users/GuillaumeGasse/Desktop/A5_Web_Prod_V1/
[Tue May 21 13:13:23.141644 2024] [authz_core:error] [pid 27212:tid 1232] [client ::1:65371] AH01630: client denied by server configuration: C:/Users/GuillaumeGasse/Desktop/A5_Web_Prod_V1/favicon.ico, referer: http://localhost:8084/
[Tue May 21 13:14:57.171067 2024] [authz_core:error] [pid 27212:tid 1232] [client 127.0.0.1:65394] AH01630: client denied by server configuration: C:/Users/GuillaumeGasse/Desktop/A5_Web_Prod_V1/
[Tue May 21 13:14:57.379264 2024] [authz_core:error] [pid 27212:tid 1232] [client 127.0.0.1:65394] AH01630: client denied by server configuration: C:/Users/GuillaumeGasse/Desktop/A5_Web_Prod_V1/favicon.ico, referer: http://127.0.0.1:8084/
[Tue May 21 13:14:59.158504 2024] [authz_core:error] [pid 27212:tid 1232] [client 127.0.0.1:65394] AH01630: client denied by server configuration: C:/Users/GuillaumeGasse/Desktop/A5_Web_Prod_V1/
[Tue May 21 13:14:59.195031 2024] [authz_core:error] [pid 27212:tid 1232] [client 127.0.0.1:65394] AH01630: client denied by server configuration: C:/Users/GuillaumeGasse/Desktop/A5_Web_Prod_V1/favicon.ico, referer: http://127.0.0.1:8084/
[Tue May 21 13:14:59.830210 2024] [authz_core:error] [pid 27212:tid 1232] [client 127.0.0.1:65394] AH01630: client denied by server configuration: C:/Users/GuillaumeGasse/Desktop/A5_Web_Prod_V1/
[Tue May 21 13:14:59.884129 2024] [authz_core:error] [pid 27212:tid 1232] [client 127.0.0.1:65394] AH01630: client denied by server configuration: C:/Users/GuillaumeGasse/Desktop/A5_Web_Prod_V1/favicon.ico, referer: http://127.0.0.1:8084/
[Tue May 21 13:15:00.018696 2024] [authz_core:error] [pid 27212:tid 1232] [client 127.0.0.1:65394] AH01630: client denied by server configuration: C:/Users/GuillaumeGasse/Desktop/A5_Web_Prod_V1/
[Tue May 21 13:15:00.062511 2024] [authz_core:error] [pid 27212:tid 1232] [client 127.0.0.1:65394] AH01630: client denied by server configuration: C:/Users/GuillaumeGasse/Desktop/A5_Web_Prod_V1/favicon.ico, referer: http://127.0.0.1:8084/
[Tue May 21 13:15:00.177362 2024] [authz_core:error] [pid 27212:tid 1232] [client 127.0.0.1:65394] AH01630: client denied by server configuration: C:/Users/GuillaumeGasse/Desktop/A5_Web_Prod_V1/
[Tue May 21 13:15:00.227947 2024] [authz_core:error] [pid 27212:tid 1232] [client 127.0.0.1:65394] AH01630: client denied by server configuration: C:/Users/GuillaumeGasse/Desktop/A5_Web_Prod_V1/favicon.ico, referer: http://127.0.0.1:8084/
[Tue May 21 13:15:11.629284 2024] [mpm_winnt:notice] [pid 28396:tid 376] AH00422: Parent: Received shutdown signal -- Shutting down the server.
Apache server interrupted...
Apache server interrupted...
Apache server interrupted...
[Tue May 21 13:15:13.647627 2024] [mpm_winnt:notice] [pid 27212:tid 372] AH00364: Child: All worker threads have exited.
[Tue May 21 13:15:13.668236 2024] [mpm_winnt:notice] [pid 28396:tid 376] AH00430: Parent: Child process 27212 exited successfully.
[Tue May 21 13:15:21.984591 2024] [mpm_winnt:notice] [pid 27732:tid 412] AH00455: Apache/2.4.58 (Win64) configured -- resuming normal operations
[Tue May 21 13:15:21.985706 2024] [mpm_winnt:notice] [pid 27732:tid 412] AH00456: Apache Lounge VS17 Server built: Oct 18 2023 13:03:18
[Tue May 21 13:15:21.985706 2024] [core:notice] [pid 27732:tid 412] AH00094: Command line: 'C:\\Users\\GuillaumeGasse\\Desktop\\A5_Web_Prod_V1\\Apache24\\bin\\httpd.exe -d C:/Users/GuillaumeGasse/Desktop/A5_Web_Prod_V1/Apache24'
[Tue May 21 13:15:21.989598 2024] [mpm_winnt:notice] [pid 27732:tid 412] AH00418: Parent: Created child process 25884
Apache server interrupted...
024] [mpm_winnt:notice] [pid 25884:tid 376] AH00354: Child: Starting 64 worker threads.
[Tue May 21 13:15:24.600566 2024] [authz_core:error] [pid 25884:tid 1244] [client 127.0.0.1:65403] AH01630: client denied by server configuration: C:/Users/GuillaumeGasse/Desktop/A5_Web_Prod_V1/
[Tue May 21 13:15:24.637462 2024] [authz_core:error] [pid 25884:tid 1244] [client 127.0.0.1:65403] AH01630: client denied by server configuration: C:/Users/GuillaumeGasse/Desktop/A5_Web_Prod_V1/favicon.ico, referer: http://127.0.0.1:8084/
[Tue May 21 13:15:25.338476 2024] [authz_core:error] [pid 25884:tid 1244] [client 127.0.0.1:65403] AH01630: client denied by server configuration: C:/Users/GuillaumeGasse/Desktop/A5_Web_Prod_V1/
[Tue May 21 13:15:25.393011 2024] [authz_core:error] [pid 25884:tid 1244] [client 127.0.0.1:65403] AH01630: client denied by server configuration: C:/Users/GuillaumeGasse/Desktop/A5_Web_Prod_V1/favicon.ico, referer: http://127.0.0.1:8084/
[Tue May 21 13:15:25.525618 2024] [authz_core:error] [pid 25884:tid 1244] [client 127.0.0.1:65403] AH01630: client denied by server configuration: C:/Users/GuillaumeGasse/Desktop/A5_Web_Prod_V1/
[Tue May 21 13:15:25.564154 2024] [authz_core:error] [pid 25884:tid 1244] [client 127.0.0.1:65403] AH01630: client denied by server configuration: C:/Users/GuillaumeGasse/Desktop/A5_Web_Prod_V1/favicon.ico, referer: http://127.0.0.1:8084/
[Tue May 21 13:15:25.700729 2024] [authz_core:error] [pid 25884:tid 1244] [client 127.0.0.1:65403] AH01630: client denied by server configuration: C:/Users/GuillaumeGasse/Desktop/A5_Web_Prod_V1/
[Tue May 21 13:15:25.777488 2024] [authz_core:error] [pid 25884:tid 1244] [client 127.0.0.1:65403] AH01630: client denied by server configuration: C:/Users/GuillaumeGasse/Desktop/A5_Web_Prod_V1/favicon.ico, referer: http://127.0.0.1:8084/
[Tue May 21 13:16:40.832405 2024] [mpm_winnt:notice] [pid 27732:tid 412] AH00422: Parent: Received shutdown signal -- Shutting down the server.
[Tue May 21 13:16:42.848109 2024] [mpm_winnt:notice] [pid 25884:tid 376] AH00364: Child: All worker threads have exited.
[Tue May 21 13:16:42.888624 2024] [mpm_winnt:notice] [pid 27732:tid 412] AH00430: Parent: Child process 25884 exited successfully.
[Tue May 21 13:16:44.983339 2024] [mpm_winnt:notice] [pid 18844:tid 376] AH00455: Apache/2.4.58 (Win64) configured -- resuming normal operations
[Tue May 21 13:16:44.984339 2024] [mpm_winnt:notice] [pid 18844:tid 376] AH00456: Apache Lounge VS17 Server built: Oct 18 2023 13:03:18
[Tue May 21 13:16:44.984339 2024] [core:notice] [pid 18844:tid 376] AH00094: Command line: 'C:\\Users\\GuillaumeGasse\\Desktop\\A5_Web_Prod_V1\\Apache24\\bin\\httpd.exe -d C:/Users/GuillaumeGasse/Desktop/A5_Web_Prod_V1/Apache24'
[Tue May 21 13:16:44.986338 2024] [mpm_winnt:notice] [pid 18844:tid 376] AH00418: Parent: Created child process 23292
Apache server interrupted...
024] [mpm_winnt:notice] [pid 23292:tid 372] AH00354: Child: Starting 64 worker threads.
[Tue May 21 13:16:50.364700 2024] [autoindex:error] [pid 23292:tid 1212] [client 127.0.0.1:65425] AH01276: Cannot serve directory C:/Users/GuillaumeGasse/Desktop/A5_Web_Prod_V1/: No matching DirectoryIndex (index.html) found, and server-generated directory index forbidden by Options directive
[Tue May 21 13:16:51.142311 2024] [autoindex:error] [pid 23292:tid 1212] [client 127.0.0.1:65425] AH01276: Cannot serve directory C:/Users/GuillaumeGasse/Desktop/A5_Web_Prod_V1/: No matching DirectoryIndex (index.html) found, and server-generated directory index forbidden by Options directive
[Tue May 21 13:16:51.749781 2024] [autoindex:error] [pid 23292:tid 1212] [client 127.0.0.1:65425] AH01276: Cannot serve directory C:/Users/GuillaumeGasse/Desktop/A5_Web_Prod_V1/: No matching DirectoryIndex (index.html) found, and server-generated directory index forbidden by Options directive
[Tue May 21 13:16:52.284425 2024] [autoindex:error] [pid 23292:tid 1212] [client 127.0.0.1:65425] AH01276: Cannot serve directory C:/Users/GuillaumeGasse/Desktop/A5_Web_Prod_V1/: No matching DirectoryIndex (index.html) found, and server-generated directory index forbidden by Options directive
[Tue May 21 13:16:52.729050 2024] [autoindex:error] [pid 23292:tid 1212] [client 127.0.0.1:65425] AH01276: Cannot serve directory C:/Users/GuillaumeGasse/Desktop/A5_Web_Prod_V1/: No matching DirectoryIndex (index.html) found, and server-generated directory index forbidden by Options directive
[Tue May 21 13:16:53.180541 2024] [autoindex:error] [pid 23292:tid 1212] [client 127.0.0.1:65425] AH01276: Cannot serve directory C:/Users/GuillaumeGasse/Desktop/A5_Web_Prod_V1/: No matching DirectoryIndex (index.html) found, and server-generated directory index forbidden by Options directive
[Tue May 21 13:16:53.468431 2024] [autoindex:error] [pid 23292:tid 1212] [client 127.0.0.1:65425] AH01276: Cannot serve directory C:/Users/GuillaumeGasse/Desktop/A5_Web_Prod_V1/: No matching DirectoryIndex (index.html) found, and server-generated directory index forbidden by Options directive
[Tue May 21 13:16:53.664622 2024] [autoindex:error] [pid 23292:tid 1212] [client 127.0.0.1:65425] AH01276: Cannot serve directory C:/Users/GuillaumeGasse/Desktop/A5_Web_Prod_V1/: No matching DirectoryIndex (index.html) found, and server-generated directory index forbidden by Options directive
[Tue May 21 13:16:53.859333 2024] [autoindex:error] [pid 23292:tid 1212] [client 127.0.0.1:65425] AH01276: Cannot serve directory C:/Users/GuillaumeGasse/Desktop/A5_Web_Prod_V1/: No matching DirectoryIndex (index.html) found, and server-generated directory index forbidden by Options directive
[Tue May 21 13:16:55.092457 2024] [autoindex:error] [pid 23292:tid 1212] [client 127.0.0.1:65425] AH01276: Cannot serve directory C:/Users/GuillaumeGasse/Desktop/A5_Web_Prod_V1/: No matching DirectoryIndex (index.html) found, and server-generated directory index forbidden by Options directive
[Tue May 21 13:16:55.288601 2024] [autoindex:error] [pid 23292:tid 1212] [client 127.0.0.1:65425] AH01276: Cannot serve directory C:/Users/GuillaumeGasse/Desktop/A5_Web_Prod_V1/: No matching DirectoryIndex (index.html) found, and server-generated directory index forbidden by Options directive
[Tue May 21 13:16:55.486173 2024] [autoindex:error] [pid 23292:tid 1212] [client 127.0.0.1:65425] AH01276: Cannot serve directory C:/Users/GuillaumeGasse/Desktop/A5_Web_Prod_V1/: No matching DirectoryIndex (index.html) found, and server-generated directory index forbidden by Options directive
[Tue May 21 13:20:09.742501 2024] [mpm_winnt:notice] [pid 18844:tid 376] AH00422: Parent: Received shutdown signal -- Shutting down the server.
[Tue May 21 13:20:11.761995 2024] [mpm_winnt:notice] [pid 23292:tid 372] AH00364: Child: All worker threads have exited.
[Tue May 21 13:20:11.787012 2024] [mpm_winnt:notice] [pid 18844:tid 376] AH00430: Parent: Child process 23292 exited successfully.
[Tue May 21 13:20:12.845476 2024] [mpm_winnt:notice] [pid 15128:tid 376] AH00455: Apache/2.4.58 (Win64) configured -- resuming normal operations
[Tue May 21 13:20:12.846481 2024] [mpm_winnt:notice] [pid 15128:tid 376] AH00456: Apache Lounge VS17 Server built: Oct 18 2023 13:03:18
[Tue May 21 13:20:12.846481 2024] [core:notice] [pid 15128:tid 376] AH00094: Command line: 'C:\\Users\\GuillaumeGasse\\Desktop\\A5_Web_Prod_V1\\Apache24\\bin\\httpd.exe -d C:/Users/GuillaumeGasse/Desktop/A5_Web_Prod_V1/Apache24'
[Tue May 21 13:20:12.848687 2024] [mpm_winnt:notice] [pid 15128:tid 376] AH00418: Parent: Created child process 30620
Apache server interrupted...
024] [mpm_winnt:notice] [pid 30620:tid 372] AH00354: Child: Starting 64 worker threads.
[Tue May 21 13:23:11.915825 2024] [mpm_winnt:notice] [pid 15128:tid 376] AH00422: Parent: Received shutdown signal -- Shutting down the server.
Apache server interrupted...
Apache server interrupted...
Apache server interrupted...
024] [mpm_winnt:notice] [pid 30620:tid 372] AH00364: Child: All worker threads have exited.
[Tue May 21 13:23:13.957076 2024] [mpm_winnt:notice] [pid 15128:tid 376] AH00430: Parent: Child process 30620 exited successfully.
[Tue May 21 13:23:24.172762 2024] [mpm_winnt:notice] [pid 33296:tid 356] AH00455: Apache/2.4.58 (Win64) configured -- resuming normal operations
[Tue May 21 13:23:24.173762 2024] [mpm_winnt:notice] [pid 33296:tid 356] AH00456: Apache Lounge VS17 Server built: Oct 18 2023 13:03:18
[Tue May 21 13:23:24.173762 2024] [core:notice] [pid 33296:tid 356] AH00094: Command line: 'C:\\Users\\GuillaumeGasse\\Desktop\\A5_Web_Prod_V1\\Apache24\\bin\\httpd.exe -d C:/Users/GuillaumeGasse/Desktop/A5_Web_Prod_V1/Apache24'
[Tue May 21 13:23:24.177766 2024] [mpm_winnt:notice] [pid 33296:tid 356] AH00418: Parent: Created child process 27024
[Tue May 21 13:23:24.480114 2024] [mpm_winnt:notice] [pid 27024:tid 372] AH00354: Child: Starting 64 worker threads.
[Tue May 21 13:25:08.248121 2024] [core:warn] [pid 21136:tid 356] AH00098: pid file C:/Users/GuillaumeGasse/Desktop/A5_Web_Prod_V1/Apache24/logs/httpd.pid overwritten -- Unclean shutdown of previous Apache run?
[Tue May 21 13:25:08.251122 2024] [mpm_winnt:notice] [pid 21136:tid 356] AH00455: Apache/2.4.58 (Win64) configured -- resuming normal operations
[Tue May 21 13:25:08.251122 2024] [mpm_winnt:notice] [pid 21136:tid 356] AH00456: Apache Lounge VS17 Server built: Oct 18 2023 13:03:18
[Tue May 21 13:25:08.251122 2024] [core:notice] [pid 21136:tid 356] AH00094: Command line: 'C:\\Users\\GuillaumeGasse\\Desktop\\A5_Web_Prod_V1\\Apache24\\bin\\httpd.exe -d C:/Users/GuillaumeGasse/Desktop/A5_Web_Prod_V1/Apache24'
[Tue May 21 13:25:08.253121 2024] [mpm_winnt:notice] [pid 21136:tid 356] AH00418: Parent: Created child process 32784
[Tue May 21 13:25:08.555521 2024] [mpm_winnt:notice] [pid 32784:tid 372] AH00354: Child: Starting 64 worker threads.
[Tue May 21 14:27:27.543058 2024] [core:warn] [pid 3192:tid 360] AH00098: pid file C:/Users/GuillaumeGasse/Desktop/A5_Web_Prod_V1/Apache24/logs/httpd.pid overwritten -- Unclean shutdown of previous Apache run?
[Tue May 21 14:27:27.546044 2024] [mpm_winnt:notice] [pid 3192:tid 360] AH00455: Apache/2.4.58 (Win64) configured -- resuming normal operations
[Tue May 21 14:27:27.546044 2024] [mpm_winnt:notice] [pid 3192:tid 360] AH00456: Apache Lounge VS17 Server built: Oct 18 2023 13:03:18
[Tue May 21 14:27:27.546044 2024] [core:notice] [pid 3192:tid 360] AH00094: Command line: 'C:\\Users\\GuillaumeGasse\\Desktop\\A5_Web_Prod_V1\\Apache24\\bin\\httpd.exe -d C:/Users/GuillaumeGasse/Desktop/A5_Web_Prod_V1/Apache24'
[Tue May 21 14:27:27.548564 2024] [mpm_winnt:notice] [pid 3192:tid 360] AH00418: Parent: Created child process 20512
[Tue May 21 14:27:27.858555 2024] [mpm_winnt:notice] [pid 20512:tid 372] AH00354: Child: Starting 64 worker threads.
AH00558: httpd.exe: Could not reliably determine the server's fully qualified domain name, using ::1. Set the 'ServerName' directive globally to suppress this message
[Tue May 21 14:30:11.932860 2024] [core:warn] [pid 5632:tid 360] AH00098: pid file C:/Users/GuillaumeGasse/Desktop/A5_Web_Prod_V1/Apache24/logs/httpd.pid overwritten -- Unclean shutdown of previous Apache run?
[Tue May 21 14:30:11.936861 2024] [mpm_winnt:notice] [pid 5632:tid 360] AH00455: Apache/2.4.58 (Win64) configured -- resuming normal operations
[Tue May 21 14:30:11.936861 2024] [mpm_winnt:notice] [pid 5632:tid 360] AH00456: Apache Lounge VS17 Server built: Oct 18 2023 13:03:18
[Tue May 21 14:30:11.936861 2024] [core:notice] [pid 5632:tid 360] AH00094: Command line: 'C:\\Users\\GuillaumeGasse\\Desktop\\A5_Web_Prod_V1\\Apache24\\bin\\httpd.exe -d C:/Users/GuillaumeGasse/Desktop/A5_Web_Prod_V1/Apache24'
[Tue May 21 14:30:11.940861 2024] [mpm_winnt:notice] [pid 5632:tid 360] AH00418: Parent: Created child process 9936
AH00558: httpd.exe: Could not reliably determine the server's fully qualified domain name, using ::1. Set the 'ServerName' directive globally to suppress this message
AH00558: httpd.exe: Could not reliably determine the server's fully qualified domain name, using ::1. Set the 'ServerName' directive globally to suppress this message
[Tue May 21 14:30:12.499898 2024] [mpm_winnt:notice] [pid 9936:tid 380] AH00354: Child: Starting 64 worker threads.
[Wed May 22 13:03:43.015397 2024] [mpm_winnt:notice] [pid 5632:tid 360] AH00422: Parent: Received shutdown signal -- Shutting down the server.
[Wed May 22 13:03:45.046051 2024] [mpm_winnt:notice] [pid 9936:tid 380] AH00364: Child: All worker threads have exited.
[Wed May 22 13:03:45.078218 2024] [mpm_winnt:notice] [pid 5632:tid 360] AH00430: Parent: Child process 9936 exited successfully.
AH00558: httpd.exe: Could not reliably determine the server's fully qualified domain name, using fe80::e9fc:f7ee:9a4:750e. Set the 'ServerName' directive globally to suppress this message
[Wed May 22 13:12:36.270854 2024] [mpm_winnt:notice] [pid 28012:tid 392] AH00455: Apache/2.4.58 (Win64) configured -- resuming normal operations
[Wed May 22 13:12:36.272832 2024] [mpm_winnt:notice] [pid 28012:tid 392] AH00456: Apache Lounge VS17 Server built: Oct 18 2023 13:03:18
[Wed May 22 13:12:36.272832 2024] [core:notice] [pid 28012:tid 392] AH00094: Command line: 'C:\\Users\\GuillaumeGasse\\Desktop\\A5_Web_Prod_V1\\Apache24\\bin\\httpd.exe -d C:/Users/GuillaumeGasse/Desktop/A5_Web_Prod_V1/Apache24'
[Wed May 22 13:12:36.276856 2024] [mpm_winnt:notice] [pid 28012:tid 392] AH00418: Parent: Created child process 29912
AH00558: httpd.exe: Could not reliably determine the server's fully qualified domain name, using fe80::e9fc:f7ee:9a4:750e. Set the 'ServerName' directive globally to suppress this message
AH00558: httpd.exe: Could not reliably determine the server's fully qualified domain name, using fe80::e9fc:f7ee:9a4:750e. Set the 'ServerName' directive globally to suppress this message
[Wed May 22 13:12:36.633885 2024] [mpm_winnt:notice] [pid 29912:tid 376] AH00354: Child: Starting 64 worker threads.
[Thu May 23 08:17:28.841437 2024] [mpm_winnt:notice] [pid 28012:tid 392] AH00422: Parent: Received shutdown signal -- Shutting down the server.
[Thu May 23 08:17:30.866396 2024] [mpm_winnt:notice] [pid 29912:tid 376] AH00364: Child: All worker threads have exited.
[Thu May 23 08:17:30.897771 2024] [mpm_winnt:notice] [pid 28012:tid 392] AH00430: Parent: Child process 29912 exited successfully.
AH00558: httpd.exe: Could not reliably determine the server's fully qualified domain name, using fe80::6738:c8aa:2b5c:3f5a. Set the 'ServerName' directive globally to suppress this message
[Thu May 23 08:17:31.823058 2024] [mpm_winnt:notice] [pid 24028:tid 356] AH00455: Apache/2.4.58 (Win64) configured -- resuming normal operations
[Thu May 23 08:17:31.824581 2024] [mpm_winnt:notice] [pid 24028:tid 356] AH00456: Apache Lounge VS17 Server built: Oct 18 2023 13:03:18
[Thu May 23 08:17:31.824581 2024] [core:notice] [pid 24028:tid 356] AH00094: Command line: 'C:\\Users\\GuillaumeGasse\\Desktop\\A5_Web_Prod_V1\\Apache24\\bin\\httpd.exe -d C:/Users/GuillaumeGasse/Desktop/A5_Web_Prod_V1/Apache24'
[Thu May 23 08:17:31.835138 2024] [mpm_winnt:notice] [pid 24028:tid 356] AH00418: Parent: Created child process 27376
AH00558: httpd.exe: Could not reliably determine the server's fully qualified domain name, using fe80::6738:c8aa:2b5c:3f5a. Set the 'ServerName' directive globally to suppress this message
AH00558: httpd.exe: Could not reliably determine the server's fully qualified domain name, using fe80::6738:c8aa:2b5c:3f5a. Set the 'ServerName' directive globally to suppress this message
[Thu May 23 08:17:32.130465 2024] [mpm_winnt:notice] [pid 27376:tid 372] AH00354: Child: Starting 64 worker threads.
[Thu May 23 08:17:40.451178 2024] [mpm_winnt:notice] [pid 24028:tid 356] AH00422: Parent: Received shutdown signal -- Shutting down the server.
[Thu May 23 08:17:42.468582 2024] [mpm_winnt:notice] [pid 27376:tid 372] AH00364: Child: All worker threads have exited.
[Thu May 23 08:17:42.491370 2024] [mpm_winnt:notice] [pid 24028:tid 356] AH00430: Parent: Child process 27376 exited successfully.
AH00558: httpd.exe: Could not reliably determine the server's fully qualified domain name, using fe80::6738:c8aa:2b5c:3f5a. Set the 'ServerName' directive globally to suppress this message
[Thu May 23 08:18:03.169542 2024] [mpm_winnt:notice] [pid 18688:tid 356] AH00455: Apache/2.4.58 (Win64) configured -- resuming normal operations
[Thu May 23 08:18:03.170520 2024] [mpm_winnt:notice] [pid 18688:tid 356] AH00456: Apache Lounge VS17 Server built: Oct 18 2023 13:03:18
[Thu May 23 08:18:03.170520 2024] [core:notice] [pid 18688:tid 356] AH00094: Command line: 'C:\\Users\\GuillaumeGasse\\Desktop\\A5_Web_Prod_V1\\Apache24\\bin\\httpd.exe -d C:/Users/GuillaumeGasse/Desktop/A5_Web_Prod_V1/Apache24'
[Thu May 23 08:18:03.172522 2024] [mpm_winnt:notice] [pid 18688:tid 356] AH00418: Parent: Created child process 28704
AH00558: httpd.exe: Could not reliably determine the server's fully qualified domain name, using fe80::6738:c8aa:2b5c:3f5a. Set the 'ServerName' directive globally to suppress this message
AH00558: httpd.exe: Could not reliably determine the server's fully qualified domain name, using fe80::6738:c8aa:2b5c:3f5a. Set the 'ServerName' directive globally to suppress this message
[Thu May 23 08:18:03.501685 2024] [mpm_winnt:notice] [pid 28704:tid 372] AH00354: Child: Starting 64 worker threads.
[Thu May 23 08:18:55.571668 2024] [mpm_winnt:notice] [pid 18688:tid 356] AH00422: Parent: Received shutdown signal -- Shutting down the server.
[Thu May 23 08:18:57.589801 2024] [mpm_winnt:notice] [pid 28704:tid 372] AH00364: Child: All worker threads have exited.
[Thu May 23 08:18:57.611986 2024] [mpm_winnt:notice] [pid 18688:tid 356] AH00430: Parent: Child process 28704 exited successfully.
AH00558: httpd.exe: Could not reliably determine the server's fully qualified domain name, using fe80::6738:c8aa:2b5c:3f5a. Set the 'ServerName' directive globally to suppress this message
[Thu May 23 08:20:02.755562 2024] [mpm_winnt:notice] [pid 26728:tid 356] AH00455: Apache/2.4.58 (Win64) configured -- resuming normal operations
[Thu May 23 08:20:02.756561 2024] [mpm_winnt:notice] [pid 26728:tid 356] AH00456: Apache Lounge VS17 Server built: Oct 18 2023 13:03:18
[Thu May 23 08:20:02.756561 2024] [core:notice] [pid 26728:tid 356] AH00094: Command line: 'C:\\Users\\GuillaumeGasse\\Desktop\\A5_Web_Prod_V1\\Apache24\\bin\\httpd.exe -d C:/Users/GuillaumeGasse/Desktop/A5_Web_Prod_V1/Apache24'
[Thu May 23 08:20:02.759848 2024] [mpm_winnt:notice] [pid 26728:tid 356] AH00418: Parent: Created child process 17348
AH00558: httpd.exe: Could not reliably determine the server's fully qualified domain name, using fe80::6738:c8aa:2b5c:3f5a. Set the 'ServerName' directive globally to suppress this message
AH00558: httpd.exe: Could not reliably determine the server's fully qualified domain name, using fe80::6738:c8aa:2b5c:3f5a. Set the 'ServerName' directive globally to suppress this message
[Thu May 23 08:20:03.109307 2024] [mpm_winnt:notice] [pid 17348:tid 372] AH00354: Child: Starting 64 worker threads.
[Thu May 23 15:26:31.312439 2024] [mpm_winnt:notice] [pid 26728:tid 356] AH00422: Parent: Received shutdown signal -- Shutting down the server.
[Thu May 23 15:26:33.342780 2024] [mpm_winnt:notice] [pid 17348:tid 372] AH00364: Child: All worker threads have exited.
[Thu May 23 15:26:33.370496 2024] [mpm_winnt:notice] [pid 26728:tid 356] AH00430: Parent: Child process 17348 exited successfully.
AH00558: httpd.exe: Could not reliably determine the server's fully qualified domain name, using fe80::6738:c8aa:2b5c:3f5a. Set the 'ServerName' directive globally to suppress this message
[Thu May 23 15:26:34.214222 2024] [mpm_winnt:notice] [pid 22948:tid 356] AH00455: Apache/2.4.58 (Win64) configured -- resuming normal operations
[Thu May 23 15:26:34.215225 2024] [mpm_winnt:notice] [pid 22948:tid 356] AH00456: Apache Lounge VS17 Server built: Oct 18 2023 13:03:18
[Thu May 23 15:26:34.215225 2024] [core:notice] [pid 22948:tid 356] AH00094: Command line: 'C:\\Users\\GuillaumeGasse\\Desktop\\A5_Web_Prod_V1\\Apache24\\bin\\httpd.exe -d C:/Users/GuillaumeGasse/Desktop/A5_Web_Prod_V1/Apache24'
[Thu May 23 15:26:34.218228 2024] [mpm_winnt:notice] [pid 22948:tid 356] AH00418: Parent: Created child process 29492
AH00558: httpd.exe: Could not reliably determine the server's fully qualified domain name, using fe80::6738:c8aa:2b5c:3f5a. Set the 'ServerName' directive globally to suppress this message
AH00558: httpd.exe: Could not reliably determine the server's fully qualified domain name, using fe80::6738:c8aa:2b5c:3f5a. Set the 'ServerName' directive globally to suppress this message
[Thu May 23 15:26:34.530568 2024] [mpm_winnt:notice] [pid 29492:tid 372] AH00354: Child: Starting 64 worker threads.
[Thu May 23 15:27:51.214338 2024] [mpm_winnt:notice] [pid 22948:tid 356] AH00422: Parent: Received shutdown signal -- Shutting down the server.
[Thu May 23 15:27:53.225807 2024] [mpm_winnt:notice] [pid 29492:tid 372] AH00364: Child: All worker threads have exited.
[Thu May 23 15:27:53.248115 2024] [mpm_winnt:notice] [pid 22948:tid 356] AH00430: Parent: Child process 29492 exited successfully.
AH00558: httpd.exe: Could not reliably determine the server's fully qualified domain name, using fe80::6738:c8aa:2b5c:3f5a. Set the 'ServerName' directive globally to suppress this message
[Thu May 23 15:28:19.971991 2024] [mpm_winnt:notice] [pid 34112:tid 360] AH00455: Apache/2.4.58 (Win64) configured -- resuming normal operations
[Thu May 23 15:28:19.972983 2024] [mpm_winnt:notice] [pid 34112:tid 360] AH00456: Apache Lounge VS17 Server built: Oct 18 2023 13:03:18
[Thu May 23 15:28:19.972983 2024] [core:notice] [pid 34112:tid 360] AH00094: Command line: 'C:\\Users\\GuillaumeGasse\\Desktop\\A5_Web_Prod_V1\\Apache24\\bin\\httpd.exe -d C:/Users/GuillaumeGasse/Desktop/A5_Web_Prod_V1/Apache24'
[Thu May 23 15:28:19.975532 2024] [mpm_winnt:notice] [pid 34112:tid 360] AH00418: Parent: Created child process 13896
AH00558: httpd.exe: Could not reliably determine the server's fully qualified domain name, using fe80::6738:c8aa:2b5c:3f5a. Set the 'ServerName' directive globally to suppress this message
AH00558: httpd.exe: Could not reliably determine the server's fully qualified domain name, using fe80::6738:c8aa:2b5c:3f5a. Set the 'ServerName' directive globally to suppress this message
[Thu May 23 15:28:20.270117 2024] [mpm_winnt:notice] [pid 13896:tid 380] AH00354: Child: Starting 64 worker threads.
[Thu May 23 16:06:18.280999 2024] [mpm_winnt:notice] [pid 34112:tid 360] AH00422: Parent: Received shutdown signal -- Shutting down the server.
[Thu May 23 16:06:20.344021 2024] [mpm_winnt:notice] [pid 13896:tid 380] AH00364: Child: All worker threads have exited.
[Thu May 23 16:06:20.392083 2024] [mpm_winnt:notice] [pid 34112:tid 360] AH00430: Parent: Child process 13896 exited successfully.
AH00558: httpd.exe: Could not reliably determine the server's fully qualified domain name, using fe80::6738:c8aa:2b5c:3f5a. Set the 'ServerName' directive globally to suppress this message
[Thu May 23 16:09:13.941929 2024] [mpm_winnt:notice] [pid 6620:tid 360] AH00455: Apache/2.4.58 (Win64) configured -- resuming normal operations
[Thu May 23 16:09:13.943930 2024] [mpm_winnt:notice] [pid 6620:tid 360] AH00456: Apache Lounge VS17 Server built: Oct 18 2023 13:03:18
[Thu May 23 16:09:13.943930 2024] [core:notice] [pid 6620:tid 360] AH00094: Command line: 'C:\\Users\\GuillaumeGasse\\Desktop\\A5_Web_Prod_V1\\Apache24\\bin\\httpd.exe -d C:/Users/GuillaumeGasse/Desktop/A5_Web_Prod_V1/Apache24'
[Thu May 23 16:09:13.948933 2024] [mpm_winnt:notice] [pid 6620:tid 360] AH00418: Parent: Created child process 11700
AH00558: httpd.exe: Could not reliably determine the server's fully qualified domain name, using fe80::6738:c8aa:2b5c:3f5a. Set the 'ServerName' directive globally to suppress this message
AH00558: httpd.exe: Could not reliably determine the server's fully qualified domain name, using fe80::6738:c8aa:2b5c:3f5a. Set the 'ServerName' directive globally to suppress this message
[Thu May 23 16:09:15.123350 2024] [mpm_winnt:notice] [pid 11700:tid 392] AH00354: Child: Starting 64 worker threads.
[Fri May 24 09:55:01.161933 2024] [mpm_winnt:notice] [pid 6620:tid 360] AH00422: Parent: Received shutdown signal -- Shutting down the server.
[Fri May 24 09:55:03.194055 2024] [mpm_winnt:notice] [pid 11700:tid 392] AH00364: Child: All worker threads have exited.
[Fri May 24 09:55:03.209681 2024] [mpm_winnt:notice] [pid 6620:tid 360] AH00430: Parent: Child process 11700 exited successfully.
AH00558: httpd.exe: Could not reliably determine the server's fully qualified domain name, using fe80::3c12:9236:2719:1715. Set the 'ServerName' directive globally to suppress this message
[Fri May 24 09:55:45.496323 2024] [mpm_winnt:notice] [pid 6740:tid 356] AH00455: Apache/2.4.58 (Win64) configured -- resuming normal operations
[Fri May 24 09:55:45.498836 2024] [mpm_winnt:notice] [pid 6740:tid 356] AH00456: Apache Lounge VS17 Server built: Oct 18 2023 13:03:18
[Fri May 24 09:55:45.498836 2024] [core:notice] [pid 6740:tid 356] AH00094: Command line: 'C:\\Users\\GuillaumeGasse\\Desktop\\A5_Web_Prod_V1\\Apache24\\bin\\httpd.exe -d C:/Users/GuillaumeGasse/Desktop/A5_Web_Prod_V1/Apache24'
[Fri May 24 09:55:45.501841 2024] [mpm_winnt:notice] [pid 6740:tid 356] AH00418: Parent: Created child process 10032
AH00558: httpd.exe: Could not reliably determine the server's fully qualified domain name, using fe80::3c12:9236:2719:1715. Set the 'ServerName' directive globally to suppress this message
AH00558: httpd.exe: Could not reliably determine the server's fully qualified domain name, using fe80::3c12:9236:2719:1715. Set the 'ServerName' directive globally to suppress this message
[Fri May 24 09:55:46.168475 2024] [mpm_winnt:notice] [pid 10032:tid 372] AH00354: Child: Starting 64 worker threads.
[Fri May 31 08:52:34.653208 2024] [core:warn] [pid 29912:tid 360] AH00098: pid file C:/Users/GuillaumeGasse/Desktop/A5_Web_Prod_V1/Apache24/logs/httpd.pid overwritten -- Unclean shutdown of previous Apache run?
[Fri May 31 08:52:34.658213 2024] [mpm_winnt:notice] [pid 29912:tid 360] AH00455: Apache/2.4.58 (Win64) configured -- resuming normal operations
[Fri May 31 08:52:34.658213 2024] [mpm_winnt:notice] [pid 29912:tid 360] AH00456: Apache Lounge VS17 Server built: Oct 18 2023 13:03:18
[Fri May 31 08:52:34.658213 2024] [core:notice] [pid 29912:tid 360] AH00094: Command line: 'C:\\Users\\GuillaumeGasse\\Desktop\\A5_Web_Prod_V1\\Apache24\\bin\\httpd.exe -d C:/Users/GuillaumeGasse/Desktop/A5_Web_Prod_V1/Apache24'
[Fri May 31 08:52:34.663209 2024] [mpm_winnt:notice] [pid 29912:tid 360] AH00418: Parent: Created child process 30392
[Fri May 31 08:52:37.480680 2024] [mpm_winnt:notice] [pid 30392:tid 372] AH00354: Child: Starting 64 worker threads.
AH00558: httpd.exe: Could not reliably determine the server's fully qualified domain name, using fe80::80ac:52cd:9c2f:a5cf. Set the 'ServerName' directive globally to suppress this message
[Fri May 31 15:58:18.381252 2024] [core:warn] [pid 5928:tid 336] AH00098: pid file C:/Users/GuillaumeGasse/Desktop/A5_Web_Prod_V1/Apache24/logs/httpd.pid overwritten -- Unclean shutdown of previous Apache run?
[Fri May 31 15:58:18.385264 2024] [mpm_winnt:notice] [pid 5928:tid 336] AH00455: Apache/2.4.58 (Win64) configured -- resuming normal operations
[Fri May 31 15:58:18.385264 2024] [mpm_winnt:notice] [pid 5928:tid 336] AH00456: Apache Lounge VS17 Server built: Oct 18 2023 13:03:18
[Fri May 31 15:58:18.385264 2024] [core:notice] [pid 5928:tid 336] AH00094: Command line: 'C:\\Users\\GuillaumeGasse\\Desktop\\A5_Web_Prod_V1\\Apache24\\bin\\httpd.exe -d C:/Users/GuillaumeGasse/Desktop/A5_Web_Prod_V1/Apache24'
[Fri May 31 15:58:18.385264 2024] [mpm_winnt:notice] [pid 5928:tid 336] AH00418: Parent: Created child process 11468
AH00558: httpd.exe: Could not reliably determine the server's fully qualified domain name, using fe80::6738:c8aa:2b5c:3f5a. Set the 'ServerName' directive globally to suppress this message
AH00558: httpd.exe: Could not reliably determine the server's fully qualified domain name, using fe80::6738:c8aa:2b5c:3f5a. Set the 'ServerName' directive globally to suppress this message
[Fri May 31 15:58:19.085578 2024] [mpm_winnt:notice] [pid 11468:tid 392] AH00354: Child: Starting 64 worker threads.
[Thu Jun 13 15:47:06.711335 2024] [core:warn] [pid 26812:tid 368] AH00098: pid file C:/Users/GuillaumeGasse/Desktop/A5_Web_Prod_V1/Apache24/logs/httpd.pid overwritten -- Unclean shutdown of previous Apache run?
[Thu Jun 13 15:47:06.742895 2024] [mpm_winnt:notice] [pid 26812:tid 368] AH00455: Apache/2.4.58 (Win64) configured -- resuming normal operations
[Thu Jun 13 15:47:06.742895 2024] [mpm_winnt:notice] [pid 26812:tid 368] AH00456: Apache Lounge VS17 Server built: Oct 18 2023 13:03:18
[Thu Jun 13 15:47:06.742895 2024] [core:notice] [pid 26812:tid 368] AH00094: Command line: 'C:\\Users\\GuillaumeGasse\\Desktop\\A5_Web_Prod_V1\\Apache24\\bin\\httpd.exe -d C:/Users/GuillaumeGasse/Desktop/A5_Web_Prod_V1/Apache24'
[Thu Jun 13 15:47:06.748894 2024] [mpm_winnt:notice] [pid 26812:tid 368] AH00418: Parent: Created child process 26172
[Thu Jun 13 15:47:09.538594 2024] [mpm_winnt:notice] [pid 26172:tid 388] AH00354: Child: Starting 64 worker threads.
AH00558: httpd.exe: Could not reliably determine the server's fully qualified domain name, using fe80::6738:c8aa:2b5c:3f5a. Set the 'ServerName' directive globally to suppress this message
[Thu Jun 13 16:50:59.481117 2024] [core:warn] [pid 7260:tid 384] AH00098: pid file C:/Users/GuillaumeGasse/Desktop/A5_Web_Prod_V1/Apache24/logs/httpd.pid overwritten -- Unclean shutdown of previous Apache run?
[Thu Jun 13 16:50:59.485090 2024] [mpm_winnt:notice] [pid 7260:tid 384] AH00455: Apache/2.4.58 (Win64) configured -- resuming normal operations
[Thu Jun 13 16:50:59.485090 2024] [mpm_winnt:notice] [pid 7260:tid 384] AH00456: Apache Lounge VS17 Server built: Oct 18 2023 13:03:18
[Thu Jun 13 16:50:59.485090 2024] [core:notice] [pid 7260:tid 384] AH00094: Command line: 'C:\\Users\\GuillaumeGasse\\Desktop\\A5_Web_Prod_V1\\Apache24\\bin\\httpd.exe -d C:/Users/GuillaumeGasse/Desktop/A5_Web_Prod_V1/Apache24'
[Thu Jun 13 16:50:59.486100 2024] [mpm_winnt:notice] [pid 7260:tid 384] AH00418: Parent: Created child process 25088
AH00558: httpd.exe: Could not reliably determine the server's fully qualified domain name, using fe80::6738:c8aa:2b5c:3f5a. Set the 'ServerName' directive globally to suppress this message
AH00558: httpd.exe: Could not reliably determine the server's fully qualified domain name, using fe80::6738:c8aa:2b5c:3f5a. Set the 'ServerName' directive globally to suppress this message
[Thu Jun 13 16:50:59.875050 2024] [mpm_winnt:notice] [pid 25088:tid 392] AH00354: Child: Starting 64 worker threads.
[Fri Jun 14 09:30:12.764034 2024] [mpm_winnt:notice] [pid 7260:tid 384] AH00422: Parent: Received shutdown signal -- Shutting down the server.
[Fri Jun 14 09:30:14.793319 2024] [mpm_winnt:notice] [pid 25088:tid 392] AH00364: Child: All worker threads have exited.
[Fri Jun 14 09:30:14.855821 2024] [mpm_winnt:notice] [pid 7260:tid 384] AH00430: Parent: Child process 25088 exited successfully.
AH00558: httpd.exe: Could not reliably determine the server's fully qualified domain name, using fe80::6738:c8aa:2b5c:3f5a. Set the 'ServerName' directive globally to suppress this message
[Fri Jun 14 09:32:14.402044 2024] [mpm_winnt:notice] [pid 16096:tid 372] AH00455: Apache/2.4.58 (Win64) configured -- resuming normal operations
[Fri Jun 14 09:32:14.405357 2024] [mpm_winnt:notice] [pid 16096:tid 372] AH00456: Apache Lounge VS17 Server built: Oct 18 2023 13:03:18
[Fri Jun 14 09:32:14.405357 2024] [core:notice] [pid 16096:tid 372] AH00094: Command line: 'C:\\Users\\GuillaumeGasse\\Desktop\\A5_Web_Prod_V1\\Apache24\\bin\\httpd.exe -d C:/Users/GuillaumeGasse/Desktop/A5_Web_Prod_V1/Apache24'
[Fri Jun 14 09:32:14.406867 2024] [mpm_winnt:notice] [pid 16096:tid 372] AH00418: Parent: Created child process 16760
AH00558: httpd.exe: Could not reliably determine the server's fully qualified domain name, using fe80::6738:c8aa:2b5c:3f5a. Set the 'ServerName' directive globally to suppress this message
AH00558: httpd.exe: Could not reliably determine the server's fully qualified domain name, using fe80::6738:c8aa:2b5c:3f5a. Set the 'ServerName' directive globally to suppress this message
[Fri Jun 14 09:32:14.999718 2024] [mpm_winnt:notice] [pid 16760:tid 392] AH00354: Child: Starting 64 worker threads.
AH00558: httpd.exe: Could not reliably determine the server's fully qualified domain name, using fe80::6738:c8aa:2b5c:3f5a. Set the 'ServerName' directive globally to suppress this message
[Fri Jun 14 09:36:14.102782 2024] [core:warn] [pid 21960:tid 392] AH00098: pid file C:/Users/GuillaumeGasse/Desktop/A5_Web_Prod_V1/Apache24/logs/httpd.pid overwritten -- Unclean shutdown of previous Apache run?
[Fri Jun 14 09:36:14.109815 2024] [mpm_winnt:notice] [pid 21960:tid 392] AH00455: Apache/2.4.58 (Win64) configured -- resuming normal operations
[Fri Jun 14 09:36:14.109815 2024] [mpm_winnt:notice] [pid 21960:tid 392] AH00456: Apache Lounge VS17 Server built: Oct 18 2023 13:03:18
[Fri Jun 14 09:36:14.109815 2024] [core:notice] [pid 21960:tid 392] AH00094: Command line: 'C:\\Users\\GuillaumeGasse\\Desktop\\A5_Web_Prod_V1\\Apache24\\bin\\httpd.exe -d C:/Users/GuillaumeGasse/Desktop/A5_Web_Prod_V1/Apache24'
[Fri Jun 14 09:36:14.116369 2024] [mpm_winnt:notice] [pid 21960:tid 392] AH00418: Parent: Created child process 21956
AH00558: httpd.exe: Could not reliably determine the server's fully qualified domain name, using fe80::6738:c8aa:2b5c:3f5a. Set the 'ServerName' directive globally to suppress this message
AH00558: httpd.exe: Could not reliably determine the server's fully qualified domain name, using fe80::6738:c8aa:2b5c:3f5a. Set the 'ServerName' directive globally to suppress this message
[Fri Jun 14 09:36:15.216402 2024] [mpm_winnt:notice] [pid 21956:tid 396] AH00354: Child: Starting 64 worker threads.
[Tue Jun 18 09:50:49.979917 2024] [mpm_winnt:notice] [pid 21960:tid 392] AH00422: Parent: Received shutdown signal -- Shutting down the server.
[Tue Jun 18 09:50:52.004201 2024] [mpm_winnt:notice] [pid 21956:tid 396] AH00364: Child: All worker threads have exited.
[Tue Jun 18 09:50:52.052805 2024] [mpm_winnt:notice] [pid 21960:tid 392] AH00430: Parent: Child process 21956 exited successfully.
[Tue Jun 18 14:36:23.259492 2024] [mpm_winnt:notice] [pid 14612:tid 376] AH00455: Apache/2.4.58 (Win64) configured -- resuming normal operations
[Tue Jun 18 14:36:23.265795 2024] [mpm_winnt:notice] [pid 14612:tid 376] AH00456: Apache Lounge VS17 Server built: Oct 18 2023 13:03:18
[Tue Jun 18 14:36:23.265795 2024] [core:notice] [pid 14612:tid 376] AH00094: Command line: 'C:\\Users\\GuillaumeGasse\\Desktop\\A5_Web_Prod_V1\\Apache24\\bin\\httpd.exe -d C:/Users/GuillaumeGasse/Desktop/A5_Web_Prod_V1/Apache24'
[Tue Jun 18 14:36:23.271555 2024] [mpm_winnt:notice] [pid 14612:tid 376] AH00418: Parent: Created child process 23700
[Tue Jun 18 14:36:25.785203 2024] [mpm_winnt:notice] [pid 23700:tid 384] AH00354: Child: Starting 64 worker threads.
AH00558: httpd.exe: Could not reliably determine the server's fully qualified domain name, using fe80::6738:c8aa:2b5c:3f5a. Set the 'ServerName' directive globally to suppress this message
[Wed Jun 19 13:37:14.724424 2024] [core:warn] [pid 2796:tid 376] AH00098: pid file C:/Users/GuillaumeGasse/Desktop/A5_Web_Prod_V1/Apache24/logs/httpd.pid overwritten -- Unclean shutdown of previous Apache run?
[Wed Jun 19 13:37:14.728424 2024] [mpm_winnt:notice] [pid 2796:tid 376] AH00455: Apache/2.4.58 (Win64) configured -- resuming normal operations
[Wed Jun 19 13:37:14.728424 2024] [mpm_winnt:notice] [pid 2796:tid 376] AH00456: Apache Lounge VS17 Server built: Oct 18 2023 13:03:18
[Wed Jun 19 13:37:14.728424 2024] [core:notice] [pid 2796:tid 376] AH00094: Command line: 'C:\\Users\\GuillaumeGasse\\Desktop\\A5_Web_Prod_V1\\Apache24\\bin\\httpd.exe -d C:/Users/GuillaumeGasse/Desktop/A5_Web_Prod_V1/Apache24'
[Wed Jun 19 13:37:14.731935 2024] [mpm_winnt:notice] [pid 2796:tid 376] AH00418: Parent: Created child process 27456
AH00558: httpd.exe: Could not reliably determine the server's fully qualified domain name, using fe80::6738:c8aa:2b5c:3f5a. Set the 'ServerName' directive globally to suppress this message
AH00558: httpd.exe: Could not reliably determine the server's fully qualified domain name, using fe80::6738:c8aa:2b5c:3f5a. Set the 'ServerName' directive globally to suppress this message
[Wed Jun 19 13:37:15.059361 2024] [mpm_winnt:notice] [pid 27456:tid 404] AH00354: Child: Starting 64 worker threads.
AH00558: httpd.exe: Could not reliably determine the server's fully qualified domain name, using fe80::6738:c8aa:2b5c:3f5a. Set the 'ServerName' directive globally to suppress this message
[Tue Jul 02 08:26:50.082326 2024] [core:warn] [pid 3256:tid 368] AH00098: pid file C:/Users/GuillaumeGasse/Desktop/A5_Web_Prod_V1/Apache24/logs/httpd.pid overwritten -- Unclean shutdown of previous Apache run?
[Tue Jul 02 08:26:50.089119 2024] [mpm_winnt:notice] [pid 3256:tid 368] AH00455: Apache/2.4.58 (Win64) configured -- resuming normal operations
[Tue Jul 02 08:26:50.089119 2024] [mpm_winnt:notice] [pid 3256:tid 368] AH00456: Apache Lounge VS17 Server built: Oct 18 2023 13:03:18
[Tue Jul 02 08:26:50.089119 2024] [core:notice] [pid 3256:tid 368] AH00094: Command line: 'C:\\Users\\GuillaumeGasse\\Desktop\\A5_Web_Prod_V1\\Apache24\\bin\\httpd.exe -d C:/Users/GuillaumeGasse/Desktop/A5_Web_Prod_V1/Apache24'
[Tue Jul 02 08:26:50.093274 2024] [mpm_winnt:notice] [pid 3256:tid 368] AH00418: Parent: Created child process 21924
AH00558: httpd.exe: Could not reliably determine the server's fully qualified domain name, using fe80::6738:c8aa:2b5c:3f5a. Set the 'ServerName' directive globally to suppress this message
AH00558: httpd.exe: Could not reliably determine the server's fully qualified domain name, using fe80::6738:c8aa:2b5c:3f5a. Set the 'ServerName' directive globally to suppress this message
[Tue Jul 02 08:26:50.633388 2024] [mpm_winnt:notice] [pid 21924:tid 420] AH00354: Child: Starting 64 worker threads.
AH00558: httpd.exe: Could not reliably determine the server's fully qualified domain name, using fe80::69a7:d775:76e1:fc0d. Set the 'ServerName' directive globally to suppress this message
[Wed Jul 03 08:57:15.614469 2024] [core:warn] [pid 82060:tid 396] AH00098: pid file C:/Users/GuillaumeGasse/Desktop/A5_Web_Prod_V1/Apache24/logs/httpd.pid overwritten -- Unclean shutdown of previous Apache run?
[Wed Jul 03 08:57:15.621323 2024] [mpm_winnt:notice] [pid 82060:tid 396] AH00455: Apache/2.4.58 (Win64) configured -- resuming normal operations
[Wed Jul 03 08:57:15.621323 2024] [mpm_winnt:notice] [pid 82060:tid 396] AH00456: Apache Lounge VS17 Server built: Oct 18 2023 13:03:18
[Wed Jul 03 08:57:15.621323 2024] [core:notice] [pid 82060:tid 396] AH00094: Command line: 'C:\\Users\\GuillaumeGasse\\Desktop\\A5_Web_Prod_V1\\Apache24\\bin\\httpd.exe -d C:/Users/GuillaumeGasse/Desktop/A5_Web_Prod_V1/Apache24'
[Wed Jul 03 08:57:15.625731 2024] [mpm_winnt:notice] [pid 82060:tid 396] AH00418: Parent: Created child process 89308
AH00558: httpd.exe: Could not reliably determine the server's fully qualified domain name, using fe80::69a7:d775:76e1:fc0d. Set the 'ServerName' directive globally to suppress this message
AH00558: httpd.exe: Could not reliably determine the server's fully qualified domain name, using fe80::69a7:d775:76e1:fc0d. Set the 'ServerName' directive globally to suppress this message
[Wed Jul 03 08:57:17.640556 2024] [mpm_winnt:notice] [pid 89308:tid 384] AH00354: Child: Starting 64 worker threads.
[Fri Jul 05 14:03:18.615023 2024] [core:warn] [pid 107444:tid 376] AH00098: pid file C:/Users/GuillaumeGasse/Desktop/A5_Web_Prod_V1/Apache24/logs/httpd.pid overwritten -- Unclean shutdown of previous Apache run?
[Fri Jul 05 14:03:18.629045 2024] [mpm_winnt:notice] [pid 107444:tid 376] AH00455: Apache/2.4.58 (Win64) configured -- resuming normal operations
[Fri Jul 05 14:03:18.629045 2024] [mpm_winnt:notice] [pid 107444:tid 376] AH00456: Apache Lounge VS17 Server built: Oct 18 2023 13:03:18
[Fri Jul 05 14:03:18.629045 2024] [core:notice] [pid 107444:tid 376] AH00094: Command line: 'C:\\Users\\GuillaumeGasse\\Desktop\\A5_Web_Prod_V1\\Apache24\\bin\\httpd.exe -d C:/Users/GuillaumeGasse/Desktop/A5_Web_Prod_V1/Apache24'
[Fri Jul 05 14:03:18.635579 2024] [mpm_winnt:notice] [pid 107444:tid 376] AH00418: Parent: Created child process 97340
[Fri Jul 05 14:03:21.753828 2024] [mpm_winnt:notice] [pid 97340:tid 384] AH00354: Child: Starting 64 worker threads.
[Mon Jul 08 16:51:55.230552 2024] [core:warn] [pid 125156:tid 376] AH00098: pid file C:/Users/GuillaumeGasse/Desktop/A5_Web_Prod_V1/Apache24/logs/httpd.pid overwritten -- Unclean shutdown of previous Apache run?
[Mon Jul 08 16:51:55.266619 2024] [mpm_winnt:notice] [pid 125156:tid 376] AH00455: Apache/2.4.58 (Win64) configured -- resuming normal operations
[Mon Jul 08 16:51:55.266619 2024] [mpm_winnt:notice] [pid 125156:tid 376] AH00456: Apache Lounge VS17 Server built: Oct 18 2023 13:03:18
[Mon Jul 08 16:51:55.266619 2024] [core:notice] [pid 125156:tid 376] AH00094: Command line: 'C:\\Users\\GuillaumeGasse\\Desktop\\A5_Web_Prod_V1\\Apache24\\bin\\httpd.exe -d C:/Users/GuillaumeGasse/Desktop/A5_Web_Prod_V1/Apache24'
[Mon Jul 08 16:51:55.272343 2024] [mpm_winnt:notice] [pid 125156:tid 376] AH00418: Parent: Created child process 106424
[Mon Jul 08 16:51:57.718577 2024] [mpm_winnt:notice] [pid 106424:tid 396] AH00354: Child: Starting 64 worker threads.
[Tue Jul 09 08:40:26.076398 2024] [core:warn] [pid 97252:tid 420] AH00098: pid file C:/Users/GuillaumeGasse/Desktop/A5_Web_Prod_V1/Apache24/logs/httpd.pid overwritten -- Unclean shutdown of previous Apache run?
[Tue Jul 09 08:40:26.085911 2024] [mpm_winnt:notice] [pid 97252:tid 420] AH00455: Apache/2.4.58 (Win64) configured -- resuming normal operations
[Tue Jul 09 08:40:26.085911 2024] [mpm_winnt:notice] [pid 97252:tid 420] AH00456: Apache Lounge VS17 Server built: Oct 18 2023 13:03:18
[Tue Jul 09 08:40:26.085911 2024] [core:notice] [pid 97252:tid 420] AH00094: Command line: 'C:\\Users\\GuillaumeGasse\\Desktop\\A5_Web_Prod_V1\\Apache24\\bin\\httpd.exe -d C:/Users/GuillaumeGasse/Desktop/A5_Web_Prod_V1/Apache24'
[Tue Jul 09 08:40:26.091911 2024] [mpm_winnt:notice] [pid 97252:tid 420] AH00418: Parent: Created child process 123228
[Tue Jul 09 08:40:28.241721 2024] [mpm_winnt:notice] [pid 123228:tid 384] AH00354: Child: Starting 64 worker threads.
[Wed Jul 10 16:37:42.609336 2024] [core:warn] [pid 128784:tid 368] AH00098: pid file C:/Users/GuillaumeGasse/Desktop/A5_Web_Prod_V1/Apache24/logs/httpd.pid overwritten -- Unclean shutdown of previous Apache run?
[Wed Jul 10 16:37:42.620874 2024] [mpm_winnt:notice] [pid 128784:tid 368] AH00455: Apache/2.4.58 (Win64) configured -- resuming normal operations
[Wed Jul 10 16:37:42.620874 2024] [mpm_winnt:notice] [pid 128784:tid 368] AH00456: Apache Lounge VS17 Server built: Oct 18 2023 13:03:18
[Wed Jul 10 16:37:42.620874 2024] [core:notice] [pid 128784:tid 368] AH00094: Command line: 'C:\\Users\\GuillaumeGasse\\Desktop\\A5_Web_Prod_V1\\Apache24\\bin\\httpd.exe -d C:/Users/GuillaumeGasse/Desktop/A5_Web_Prod_V1/Apache24'
[Wed Jul 10 16:37:42.626882 2024] [mpm_winnt:notice] [pid 128784:tid 368] AH00418: Parent: Created child process 91920
[Wed Jul 10 16:37:45.306628 2024] [mpm_winnt:notice] [pid 91920:tid 384] AH00354: Child: Starting 64 worker threads.
[Thu Jul 11 11:03:08.463341 2024] [core:warn] [pid 135828:tid 404] AH00098: pid file C:/Users/GuillaumeGasse/Desktop/A5_Web_Prod_V1/Apache24/logs/httpd.pid overwritten -- Unclean shutdown of previous Apache run?
[Thu Jul 11 11:03:08.473872 2024] [mpm_winnt:notice] [pid 135828:tid 404] AH00455: Apache/2.4.58 (Win64) configured -- resuming normal operations
[Thu Jul 11 11:03:08.473872 2024] [mpm_winnt:notice] [pid 135828:tid 404] AH00456: Apache Lounge VS17 Server built: Oct 18 2023 13:03:18
[Thu Jul 11 11:03:08.473872 2024] [core:notice] [pid 135828:tid 404] AH00094: Command line: 'C:\\Users\\GuillaumeGasse\\Desktop\\A5_Web_Prod_V1\\Apache24\\bin\\httpd.exe -d C:/Users/GuillaumeGasse/Desktop/A5_Web_Prod_V1/Apache24'
[Thu Jul 11 11:03:08.479376 2024] [mpm_winnt:notice] [pid 135828:tid 404] AH00418: Parent: Created child process 89592
[Thu Jul 11 11:03:10.932724 2024] [mpm_winnt:notice] [pid 89592:tid 388] AH00354: Child: Starting 64 worker threads.
[Fri Jul 12 13:49:38.872274 2024] [core:warn] [pid 99840:tid 384] AH00098: pid file C:/Users/GuillaumeGasse/Desktop/A5_Web_Prod_V1/Apache24/logs/httpd.pid overwritten -- Unclean shutdown of previous Apache run?
[Fri Jul 12 13:49:38.883337 2024] [mpm_winnt:notice] [pid 99840:tid 384] AH00455: Apache/2.4.58 (Win64) configured -- resuming normal operations
[Fri Jul 12 13:49:38.883337 2024] [mpm_winnt:notice] [pid 99840:tid 384] AH00456: Apache Lounge VS17 Server built: Oct 18 2023 13:03:18
[Fri Jul 12 13:49:38.883337 2024] [core:notice] [pid 99840:tid 384] AH00094: Command line: 'C:\\Users\\GuillaumeGasse\\Desktop\\A5_Web_Prod_V1\\Apache24\\bin\\httpd.exe -d C:/Users/GuillaumeGasse/Desktop/A5_Web_Prod_V1/Apache24'
[Fri Jul 12 13:49:38.891444 2024] [mpm_winnt:notice] [pid 99840:tid 384] AH00418: Parent: Created child process 15452
AH00558: httpd.exe: Could not reliably determine the server's fully qualified domain name, using fe80::f293:3dc4:3274:ebc5. Set the 'ServerName' directive globally to suppress this message
AH00558: httpd.exe: Could not reliably determine the server's fully qualified domain name, using fe80::f293:3dc4:3274:ebc5. Set the 'ServerName' directive globally to suppress this message
[Fri Jul 12 13:49:41.811712 2024] [mpm_winnt:notice] [pid 15452:tid 404] AH00354: Child: Starting 64 worker threads.
[Fri Jul 19 09:21:40.635854 2024] [core:warn] [pid 133360:tid 376] AH00098: pid file C:/Users/GuillaumeGasse/Desktop/A5_Web_Prod_V1/Apache24/logs/httpd.pid overwritten -- Unclean shutdown of previous Apache run?
[Fri Jul 19 09:21:40.644988 2024] [mpm_winnt:notice] [pid 133360:tid 376] AH00455: Apache/2.4.58 (Win64) configured -- resuming normal operations
[Fri Jul 19 09:21:40.644988 2024] [mpm_winnt:notice] [pid 133360:tid 376] AH00456: Apache Lounge VS17 Server built: Oct 18 2023 13:03:18
[Fri Jul 19 09:21:40.644988 2024] [core:notice] [pid 133360:tid 376] AH00094: Command line: 'C:\\Users\\GuillaumeGasse\\Desktop\\A5_Web_Prod_V1\\Apache24\\bin\\httpd.exe -d C:/Users/GuillaumeGasse/Desktop/A5_Web_Prod_V1/Apache24'
[Fri Jul 19 09:21:40.653020 2024] [mpm_winnt:notice] [pid 133360:tid 376] AH00418: Parent: Created child process 83224
[Fri Jul 19 09:21:44.391570 2024] [mpm_winnt:notice] [pid 83224:tid 384] AH00354: Child: Starting 64 worker threads.
AH00558: httpd.exe: Could not reliably determine the server's fully qualified domain name, using fe80::d161:f039:3910:a5a9. Set the 'ServerName' directive globally to suppress this message
[Mon Jul 22 10:45:44.530907 2024] [core:warn] [pid 5548:tid 384] AH00098: pid file C:/Users/GuillaumeGasse/Desktop/A5_Web_Prod_V1/Apache24/logs/httpd.pid overwritten -- Unclean shutdown of previous Apache run?
[Mon Jul 22 10:45:44.530907 2024] [mpm_winnt:notice] [pid 5548:tid 384] AH00455: Apache/2.4.58 (Win64) configured -- resuming normal operations
[Mon Jul 22 10:45:44.530907 2024] [mpm_winnt:notice] [pid 5548:tid 384] AH00456: Apache Lounge VS17 Server built: Oct 18 2023 13:03:18
[Mon Jul 22 10:45:44.530907 2024] [core:notice] [pid 5548:tid 384] AH00094: Command line: 'C:\\Users\\GuillaumeGasse\\Desktop\\A5_Web_Prod_V1\\Apache24\\bin\\httpd.exe -d C:/Users/GuillaumeGasse/Desktop/A5_Web_Prod_V1/Apache24'
[Mon Jul 22 10:45:44.530907 2024] [mpm_winnt:notice] [pid 5548:tid 384] AH00418: Parent: Created child process 11500
AH00558: httpd.exe: Could not reliably determine the server's fully qualified domain name, using fe80::6738:c8aa:2b5c:3f5a. Set the 'ServerName' directive globally to suppress this message
AH00558: httpd.exe: Could not reliably determine the server's fully qualified domain name, using fe80::6738:c8aa:2b5c:3f5a. Set the 'ServerName' directive globally to suppress this message
[Mon Jul 22 10:45:45.014220 2024] [mpm_winnt:notice] [pid 11500:tid 400] AH00354: Child: Starting 64 worker threads.
[Mon Jul 22 10:48:13.200571 2024] [mpm_winnt:notice] [pid 5548:tid 384] AH00422: Parent: Received shutdown signal -- Shutting down the server.
[Mon Jul 22 10:48:15.229930 2024] [mpm_winnt:notice] [pid 11500:tid 400] AH00364: Child: All worker threads have exited.
[Mon Jul 22 10:48:15.247450 2024] [mpm_winnt:notice] [pid 5548:tid 384] AH00430: Parent: Child process 11500 exited successfully.
AH00558: httpd.exe: Could not reliably determine the server's fully qualified domain name, using ::1. Set the 'ServerName' directive globally to suppress this message
[Mon Jul 22 10:48:56.670520 2024] [mpm_winnt:notice] [pid 5928:tid 192] AH00455: Apache/2.4.58 (Win64) configured -- resuming normal operations
[Mon Jul 22 10:48:56.671520 2024] [mpm_winnt:notice] [pid 5928:tid 192] AH00456: Apache Lounge VS17 Server built: Oct 18 2023 13:03:18
[Mon Jul 22 10:48:56.671520 2024] [core:notice] [pid 5928:tid 192] AH00094: Command line: 'C:\\Users\\GuillaumeGasse\\Desktop\\A5_Web_Prod_V1\\Apache24\\bin\\httpd.exe -d C:/Users/GuillaumeGasse/Desktop/A5_Web_Prod_V1/Apache24'
[Mon Jul 22 10:48:56.676520 2024] [mpm_winnt:notice] [pid 5928:tid 192] AH00418: Parent: Created child process 9384
AH00558: httpd.exe: Could not reliably determine the server's fully qualified domain name, using ::1. Set the 'ServerName' directive globally to suppress this message
AH00558: httpd.exe: Could not reliably determine the server's fully qualified domain name, using ::1. Set the 'ServerName' directive globally to suppress this message
[Mon Jul 22 10:48:57.190129 2024] [mpm_winnt:notice] [pid 9384:tid 388] AH00354: Child: Starting 64 worker threads.
[Tue Aug 20 12:07:49.877374 2024] [mpm_winnt:notice] [pid 5928:tid 192] AH00422: Parent: Received shutdown signal -- Shutting down the server.
[Tue Aug 20 12:07:52.092139 2024] [mpm_winnt:notice] [pid 9384:tid 388] AH00364: Child: All worker threads have exited.
[Tue Aug 20 12:07:52.110825 2024] [mpm_winnt:notice] [pid 5928:tid 192] AH00430: Parent: Child process 9384 exited successfully.
AH00558: httpd.exe: Could not reliably determine the server's fully qualified domain name, using fe80::97d9:a018:d2ce:ad75. Set the 'ServerName' directive globally to suppress this message
[Tue Sep 17 14:33:28.897429 2024] [mpm_winnt:notice] [pid 19048:tid 368] AH00455: Apache/2.4.58 (Win64) configured -- resuming normal operations
[Tue Sep 17 14:33:28.900434 2024] [mpm_winnt:notice] [pid 19048:tid 368] AH00456: Apache Lounge VS17 Server built: Oct 18 2023 13:03:18
[Tue Sep 17 14:33:28.900434 2024] [core:notice] [pid 19048:tid 368] AH00094: Command line: 'C:\\Users\\GuillaumeGasse\\Desktop\\A5_Web_Prod_V1\\Apache24\\bin\\httpd.exe -d C:/Users/GuillaumeGasse/Desktop/A5_Web_Prod_V1/Apache24'
[Tue Sep 17 14:33:28.908453 2024] [mpm_winnt:notice] [pid 19048:tid 368] AH00418: Parent: Created child process 20644
AH00558: httpd.exe: Could not reliably determine the server's fully qualified domain name, using fe80::97d9:a018:d2ce:ad75. Set the 'ServerName' directive globally to suppress this message
AH00558: httpd.exe: Could not reliably determine the server's fully qualified domain name, using fe80::97d9:a018:d2ce:ad75. Set the 'ServerName' directive globally to suppress this message
[Tue Sep 17 14:33:31.037792 2024] [mpm_winnt:notice] [pid 20644:tid 384] AH00354: Child: Starting 64 worker threads.
AH00558: httpd.exe: Could not reliably determine the server's fully qualified domain name, using fe80::97d9:a018:d2ce:ad75. Set the 'ServerName' directive globally to suppress this message
[Tue Sep 17 14:33:43.750332 2024] [core:warn] [pid 13268:tid 396] AH00098: pid file C:/Users/GuillaumeGasse/Desktop/A5_Web_Prod_V1/Apache24/logs/httpd.pid overwritten -- Unclean shutdown of previous Apache run?
[Tue Sep 17 14:33:43.755239 2024] [mpm_winnt:notice] [pid 13268:tid 396] AH00455: Apache/2.4.58 (Win64) configured -- resuming normal operations
[Tue Sep 17 14:33:43.755239 2024] [mpm_winnt:notice] [pid 13268:tid 396] AH00456: Apache Lounge VS17 Server built: Oct 18 2023 13:03:18
[Tue Sep 17 14:33:43.755239 2024] [core:notice] [pid 13268:tid 396] AH00094: Command line: 'C:\\Users\\GuillaumeGasse\\Desktop\\A5_Web_Prod_V1\\Apache24\\bin\\httpd.exe -d C:/Users/GuillaumeGasse/Desktop/A5_Web_Prod_V1/Apache24'
[Tue Sep 17 14:33:43.765821 2024] [mpm_winnt:notice] [pid 13268:tid 396] AH00418: Parent: Created child process 29356
AH00558: httpd.exe: Could not reliably determine the server's fully qualified domain name, using fe80::97d9:a018:d2ce:ad75. Set the 'ServerName' directive globally to suppress this message
AH00558: httpd.exe: Could not reliably determine the server's fully qualified domain name, using fe80::97d9:a018:d2ce:ad75. Set the 'ServerName' directive globally to suppress this message
[Tue Sep 17 14:33:45.931430 2024] [mpm_winnt:notice] [pid 29356:tid 392] AH00354: Child: Starting 64 worker threads.
AH00558: httpd.exe: Could not reliably determine the server's fully qualified domain name, using fe80::d48:f405:8fb0:4d7b. Set the 'ServerName' directive globally to suppress this message
[Fri Sep 20 08:58:16.850979 2024] [core:warn] [pid 20344:tid 368] AH00098: pid file C:/Users/GuillaumeGasse/Desktop/A5_Web_Prod_V1/Apache24/logs/httpd.pid overwritten -- Unclean shutdown of previous Apache run?
[Fri Sep 20 08:58:16.852983 2024] [mpm_winnt:notice] [pid 20344:tid 368] AH00455: Apache/2.4.58 (Win64) configured -- resuming normal operations
[Fri Sep 20 08:58:16.852983 2024] [mpm_winnt:notice] [pid 20344:tid 368] AH00456: Apache Lounge VS17 Server built: Oct 18 2023 13:03:18
[Fri Sep 20 08:58:16.852983 2024] [core:notice] [pid 20344:tid 368] AH00094: Command line: 'C:\\Users\\GuillaumeGasse\\Desktop\\A5_Web_Prod_V1\\Apache24\\bin\\httpd.exe -d C:/Users/GuillaumeGasse/Desktop/A5_Web_Prod_V1/Apache24'
[Fri Sep 20 08:58:16.855976 2024] [mpm_winnt:notice] [pid 20344:tid 368] AH00418: Parent: Created child process 17292
AH00558: httpd.exe: Could not reliably determine the server's fully qualified domain name, using fe80::d48:f405:8fb0:4d7b. Set the 'ServerName' directive globally to suppress this message
AH00558: httpd.exe: Could not reliably determine the server's fully qualified domain name, using fe80::d48:f405:8fb0:4d7b. Set the 'ServerName' directive globally to suppress this message
[Fri Sep 20 08:58:17.289512 2024] [mpm_winnt:notice] [pid 17292:tid 384] AH00354: Child: Starting 64 worker threads.
AH00558: httpd.exe: Could not reliably determine the server's fully qualified domain name, using ::1. Set the 'ServerName' directive globally to suppress this message
[Fri Sep 20 14:59:02.023187 2024] [core:warn] [pid 6968:tid 368] AH00098: pid file C:/Users/GuillaumeGasse/Desktop/A5_Web_Prod_V1/Apache24/logs/httpd.pid overwritten -- Unclean shutdown of previous Apache run?
[Fri Sep 20 14:59:02.027193 2024] [mpm_winnt:notice] [pid 6968:tid 368] AH00455: Apache/2.4.58 (Win64) configured -- resuming normal operations
[Fri Sep 20 14:59:02.027193 2024] [mpm_winnt:notice] [pid 6968:tid 368] AH00456: Apache Lounge VS17 Server built: Oct 18 2023 13:03:18
[Fri Sep 20 14:59:02.027193 2024] [core:notice] [pid 6968:tid 368] AH00094: Command line: 'C:\\Users\\GuillaumeGasse\\Desktop\\A5_Web_Prod_V1\\Apache24\\bin\\httpd.exe -d C:/Users/GuillaumeGasse/Desktop/A5_Web_Prod_V1/Apache24'
[Fri Sep 20 14:59:02.030192 2024] [mpm_winnt:notice] [pid 6968:tid 368] AH00418: Parent: Created child process 10184
AH00558: httpd.exe: Could not reliably determine the server's fully qualified domain name, using ::1. Set the 'ServerName' directive globally to suppress this message
AH00558: httpd.exe: Could not reliably determine the server's fully qualified domain name, using ::1. Set the 'ServerName' directive globally to suppress this message
[Fri Sep 20 14:59:02.874998 2024] [mpm_winnt:notice] [pid 10184:tid 412] AH00354: Child: Starting 64 worker threads.
AH00558: httpd.exe: Could not reliably determine the server's fully qualified domain name, using fe80::6738:c8aa:2b5c:3f5a. Set the 'ServerName' directive globally to suppress this message
[Wed Oct 02 14:24:23.636834 2024] [core:warn] [pid 4400:tid 384] AH00098: pid file C:/Users/GuillaumeGasse/Desktop/DashNov/Apache24/logs/httpd.pid overwritten -- Unclean shutdown of previous Apache run?
[Wed Oct 02 14:24:23.642535 2024] [mpm_winnt:notice] [pid 4400:tid 384] AH00455: Apache/2.4.58 (Win64) configured -- resuming normal operations
[Wed Oct 02 14:24:23.643536 2024] [mpm_winnt:notice] [pid 4400:tid 384] AH00456: Apache Lounge VS17 Server built: Oct 18 2023 13:03:18
[Wed Oct 02 14:24:23.643536 2024] [core:notice] [pid 4400:tid 384] AH00094: Command line: 'httpd.exe -d C:/Users/GuillaumeGasse/Desktop/DashNov/Apache24'
[Wed Oct 02 14:24:23.654132 2024] [mpm_winnt:notice] [pid 4400:tid 384] AH00418: Parent: Created child process 26440
AH00558: httpd.exe: Could not reliably determine the server's fully qualified domain name, using fe80::6738:c8aa:2b5c:3f5a. Set the 'ServerName' directive globally to suppress this message
Apache server interrupted...
 reliably determine the server's fully qualified domain name, using fe80::6738:c8aa:2b5c:3f5a. Set the 'ServerName' directive globally to suppress this message
[Wed Oct 02 14:24:24.151522 2024] [mpm_winnt:notice] [pid 26440:tid 384] AH00354: Child: Starting 64 worker threads.
[Wed Oct 02 14:45:15.540751 2024] [mpm_winnt:notice] [pid 4400:tid 384] AH00422: Parent: Received shutdown signal -- Shutting down the server.
Apache server interrupted...
[Wed Oct 02 14:45:17.551537 2024] [mpm_winnt:notice] [pid 26440:tid 384] AH00364: Child: All worker threads have exited.
[Wed Oct 02 14:45:17.575146 2024] [mpm_winnt:notice] [pid 4400:tid 384] AH00430: Parent: Child process 26440 exited successfully.
AH00558: httpd.exe: Could not reliably determine the server's fully qualified domain name, using fe80::6738:c8aa:2b5c:3f5a. Set the 'ServerName' directive globally to suppress this message
[Wed Oct 02 14:45:20.078621 2024] [mpm_winnt:notice] [pid 36356:tid 392] AH00455: Apache/2.4.58 (Win64) configured -- resuming normal operations
[Wed Oct 02 14:45:20.080629 2024] [mpm_winnt:notice] [pid 36356:tid 392] AH00456: Apache Lounge VS17 Server built: Oct 18 2023 13:03:18
[Wed Oct 02 14:45:20.080629 2024] [core:notice] [pid 36356:tid 392] AH00094: Command line: 'httpd.exe -d C:/Users/GuillaumeGasse/Desktop/DashNov/Apache24'
[Wed Oct 02 14:45:20.084043 2024] [mpm_winnt:notice] [pid 36356:tid 392] AH00418: Parent: Created child process 33612
AH00558: httpd.exe: Could not reliably determine the server's fully qualified domain name, using fe80::6738:c8aa:2b5c:3f5a. Set the 'ServerName' directive globally to suppress this message
Apache server interrupted...
 reliably determine the server's fully qualified domain name, using fe80::6738:c8aa:2b5c:3f5a. Set the 'ServerName' directive globally to suppress this message
[Wed Oct 02 14:45:20.650712 2024] [mpm_winnt:notice] [pid 33612:tid 384] AH00354: Child: Starting 64 worker threads.
[Wed Oct 02 14:45:37.345797 2024] [mpm_winnt:notice] [pid 36356:tid 392] AH00422: Parent: Received shutdown signal -- Shutting down the server.
Apache server interrupted...
Apache server interrupted...
Apache server interrupted...
Apache server interrupted...
[Wed Oct 02 14:45:39.370319 2024] [mpm_winnt:notice] [pid 33612:tid 384] AH00364: Child: All worker threads have exited.
[Wed Oct 02 14:45:39.389531 2024] [mpm_winnt:notice] [pid 36356:tid 392] AH00430: Parent: Child process 33612 exited successfully.
AH00558: httpd.exe: Could not reliably determine the server's fully qualified domain name, using fe80::6738:c8aa:2b5c:3f5a. Set the 'ServerName' directive globally to suppress this message
[Wed Oct 02 14:46:31.669146 2024] [mpm_winnt:notice] [pid 29456:tid 388] AH00455: Apache/2.4.58 (Win64) configured -- resuming normal operations
[Wed Oct 02 14:46:31.670122 2024] [mpm_winnt:notice] [pid 29456:tid 388] AH00456: Apache Lounge VS17 Server built: Oct 18 2023 13:03:18
[Wed Oct 02 14:46:31.670122 2024] [core:notice] [pid 29456:tid 388] AH00094: Command line: 'httpd.exe -d C:/Users/GuillaumeGasse/Desktop/DashNov/Apache24'
[Wed Oct 02 14:46:31.673196 2024] [mpm_winnt:notice] [pid 29456:tid 388] AH00418: Parent: Created child process 12800
AH00558: httpd.exe: Could not reliably determine the server's fully qualified domain name, using fe80::6738:c8aa:2b5c:3f5a. Set the 'ServerName' directive globally to suppress this message
Apache server shutdown initiated...
ly determine the server's fully qualified domain name, using fe80::6738:c8aa:2b5c:3f5a. Set the 'ServerName' directive globally to suppress this message
[Wed Oct 02 14:46:32.260840 2024] [mpm_winnt:notice] [pid 12800:tid 384] AH00354: Child: Starting 64 worker threads.
[Wed Oct 02 16:04:53.488511 2024] [mpm_winnt:notice] [pid 29456:tid 388] AH00422: Parent: Received shutdown signal -- Shutting down the server.
[Wed Oct 02 16:04:55.513582 2024] [mpm_winnt:notice] [pid 12800:tid 384] AH00364: Child: All worker threads have exited.
[Wed Oct 02 16:04:55.549490 2024] [mpm_winnt:notice] [pid 29456:tid 388] AH00430: Parent: Child process 12800 exited successfully.
AH00558: httpd.exe: Could not reliably determine the server's fully qualified domain name, using fe80::7473:a977:5f23:c99f. Set the 'ServerName' directive globally to suppress this message
[Tue Oct 08 14:53:25.877366 2024] [mpm_winnt:notice] [pid 10548:tid 156] AH00455: Apache/2.4.58 (Win64) configured -- resuming normal operations
[Tue Oct 08 14:53:25.877366 2024] [mpm_winnt:notice] [pid 10548:tid 156] AH00456: Apache Lounge VS17 Server built: Oct 18 2023 13:03:18
[Tue Oct 08 14:53:25.877366 2024] [core:notice] [pid 10548:tid 156] AH00094: Command line: 'C:\\Users\\Administrateur\\Desktop\\DashNov\\DashNov\\Apache24\\bin\\httpd.exe -d C:/Users/Administrateur/Desktop/DashNov/DashNov/Apache24'
[Tue Oct 08 14:53:25.882369 2024] [mpm_winnt:notice] [pid 10548:tid 156] AH00418: Parent: Created child process 5448
AH00558: httpd.exe: Could not reliably determine the server's fully qualified domain name, using fe80::7473:a977:5f23:c99f. Set the 'ServerName' directive globally to suppress this message
Apache server interrupted...
 reliably determine the server's fully qualified domain name, using fe80::7473:a977:5f23:c99f. Set the 'ServerName' directive globally to suppress this message
[Tue Oct 08 14:53:26.264485 2024] [mpm_winnt:notice] [pid 5448:tid 512] AH00354: Child: Starting 64 worker threads.
[Tue Oct 08 14:53:54.341733 2024] [autoindex:error] [pid 5448:tid 1236] [client 127.0.0.1:53282] AH01276: Cannot serve directory C:/Users/Administrateur/Desktop/DashNov/DashNov/: No matching DirectoryIndex (Amadeus5_Web_V3.html) found, and server-generated directory index forbidden by Options directive
[Tue Oct 08 14:54:11.498456 2024] [autoindex:error] [pid 5448:tid 1224] [client 127.0.0.1:53284] AH01276: Cannot serve directory C:/Users/Administrateur/Desktop/DashNov/DashNov/: No matching DirectoryIndex (Amadeus5_Web_V3.html) found, and server-generated directory index forbidden by Options directive
[Tue Oct 08 14:55:42.162317 2024] [autoindex:error] [pid 5448:tid 1200] [client 127.0.0.1:53507] AH01276: Cannot serve directory C:/Users/Administrateur/Desktop/DashNov/DashNov/: No matching DirectoryIndex (Amadeus5_Web_V3.html) found, and server-generated directory index forbidden by Options directive
[Tue Oct 08 14:58:10.173840 2024] [mpm_winnt:notice] [pid 10548:tid 156] AH00422: Parent: Received shutdown signal -- Shutting down the server.
Apache server interrupted...
[Tue Oct 08 14:58:12.189413 2024] [mpm_winnt:notice] [pid 5448:tid 512] AH00364: Child: All worker threads have exited.
[Tue Oct 08 14:58:12.204974 2024] [mpm_winnt:notice] [pid 10548:tid 156] AH00430: Parent: Child process 5448 exited successfully.
AH00558: httpd.exe: Could not reliably determine the server's fully qualified domain name, using fe80::7473:a977:5f23:c99f. Set the 'ServerName' directive globally to suppress this message
[Tue Oct 08 14:58:47.225587 2024] [mpm_winnt:notice] [pid 5184:tid 560] AH00455: Apache/2.4.58 (Win64) configured -- resuming normal operations
[Tue Oct 08 14:58:47.226586 2024] [mpm_winnt:notice] [pid 5184:tid 560] AH00456: Apache Lounge VS17 Server built: Oct 18 2023 13:03:18
[Tue Oct 08 14:58:47.226586 2024] [core:notice] [pid 5184:tid 560] AH00094: Command line: 'C:\\Users\\Administrateur\\Desktop\\DashNov\\DashNov\\Apache24\\bin\\httpd.exe -d C:/Users/Administrateur/Desktop/DashNov/DashNov/Apache24'
[Tue Oct 08 14:58:47.231710 2024] [mpm_winnt:notice] [pid 5184:tid 560] AH00418: Parent: Created child process 2184
AH00558: httpd.exe: Could not reliably determine the server's fully qualified domain name, using fe80::7473:a977:5f23:c99f. Set the 'ServerName' directive globally to suppress this message
Apache server interrupted...
 reliably determine the server's fully qualified domain name, using fe80::7473:a977:5f23:c99f. Set the 'ServerName' directive globally to suppress this message
[Tue Oct 08 14:58:47.601406 2024] [mpm_winnt:notice] [pid 2184:tid 548] AH00354: Child: Starting 64 worker threads.
[Tue Oct 08 15:00:18.324097 2024] [mpm_winnt:notice] [pid 5184:tid 560] AH00422: Parent: Received shutdown signal -- Shutting down the server.
Apache server interrupted...
Apache server interrupted...
Apache server interrupted...
[Tue Oct 08 15:00:20.345780 2024] [mpm_winnt:notice] [pid 2184:tid 548] AH00364: Child: All worker threads have exited.
[Tue Oct 08 15:00:20.361403 2024] [mpm_winnt:notice] [pid 5184:tid 560] AH00430: Parent: Child process 2184 exited successfully.
Apache server interrupted...
AH00558: httpd.exe: Could not reliably determine the server's fully qualified domain name, using fe80::7473:a977:5f23:c99f. Set the 'ServerName' directive globally to suppress this message
[Tue Oct 08 15:00:21.691596 2024] [mpm_winnt:notice] [pid 10940:tid 564] AH00455: Apache/2.4.58 (Win64) configured -- resuming normal operations
[Tue Oct 08 15:00:21.691596 2024] [mpm_winnt:notice] [pid 10940:tid 564] AH00456: Apache Lounge VS17 Server built: Oct 18 2023 13:03:18
[Tue Oct 08 15:00:21.691596 2024] [core:notice] [pid 10940:tid 564] AH00094: Command line: 'C:\\Users\\Administrateur\\Desktop\\DashNov\\DashNov\\Apache24\\bin\\httpd.exe -d C:/Users/Administrateur/Desktop/DashNov/DashNov/Apache24'
[Tue Oct 08 15:00:21.691596 2024] [mpm_winnt:notice] [pid 10940:tid 564] AH00418: Parent: Created child process 5164
AH00558: httpd.exe: Could not reliably determine the server's fully qualified domain name, using fe80::7473:a977:5f23:c99f. Set the 'ServerName' directive globally to suppress this message
Apache server interrupted...
 reliably determine the server's fully qualified domain name, using fe80::7473:a977:5f23:c99f. Set the 'ServerName' directive globally to suppress this message
[Tue Oct 08 15:00:22.066226 2024] [mpm_winnt:notice] [pid 5164:tid 516] AH00354: Child: Starting 64 worker threads.
[Tue Oct 08 15:02:30.300919 2024] [mpm_winnt:notice] [pid 10940:tid 564] AH00422: Parent: Received shutdown signal -- Shutting down the server.
Apache server interrupted...
[Tue Oct 08 15:02:32.318320 2024] [mpm_winnt:notice] [pid 5164:tid 516] AH00364: Child: All worker threads have exited.
[Tue Oct 08 15:02:32.333944 2024] [mpm_winnt:notice] [pid 10940:tid 564] AH00430: Parent: Child process 5164 exited successfully.
AH00558: httpd.exe: Could not reliably determine the server's fully qualified domain name, using fe80::7473:a977:5f23:c99f. Set the 'ServerName' directive globally to suppress this message
[Tue Oct 08 15:02:33.644500 2024] [mpm_winnt:notice] [pid 11868:tid 544] AH00455: Apache/2.4.58 (Win64) configured -- resuming normal operations
[Tue Oct 08 15:02:33.644500 2024] [mpm_winnt:notice] [pid 11868:tid 544] AH00456: Apache Lounge VS17 Server built: Oct 18 2023 13:03:18
[Tue Oct 08 15:02:33.644500 2024] [core:notice] [pid 11868:tid 544] AH00094: Command line: 'C:\\Users\\Administrateur\\Desktop\\DashNov\\DashNov\\Apache24\\bin\\httpd.exe -d C:/Users/Administrateur/Desktop/DashNov/DashNov/Apache24'
[Tue Oct 08 15:02:33.648494 2024] [mpm_winnt:notice] [pid 11868:tid 544] AH00418: Parent: Created child process 12404
AH00558: httpd.exe: Could not reliably determine the server's fully qualified domain name, using fe80::7473:a977:5f23:c99f. Set the 'ServerName' directive globally to suppress this message
Apache server interrupted...
 reliably determine the server's fully qualified domain name, using fe80::7473:a977:5f23:c99f. Set the 'ServerName' directive globally to suppress this message
[Tue Oct 08 15:02:34.047084 2024] [mpm_winnt:notice] [pid 12404:tid 548] AH00354: Child: Starting 64 worker threads.
[Tue Oct 08 15:03:58.772381 2024] [mpm_winnt:notice] [pid 11868:tid 544] AH00422: Parent: Received shutdown signal -- Shutting down the server.
Apache server interrupted...
[Tue Oct 08 15:04:00.792964 2024] [mpm_winnt:notice] [pid 12404:tid 548] AH00364: Child: All worker threads have exited.
[Tue Oct 08 15:04:00.808589 2024] [mpm_winnt:notice] [pid 11868:tid 544] AH00430: Parent: Child process 12404 exited successfully.
AH00558: httpd.exe: Could not reliably determine the server's fully qualified domain name, using fe80::7473:a977:5f23:c99f. Set the 'ServerName' directive globally to suppress this message
[Tue Oct 08 15:04:02.154670 2024] [mpm_winnt:notice] [pid 11668:tid 544] AH00455: Apache/2.4.58 (Win64) configured -- resuming normal operations
[Tue Oct 08 15:04:02.154670 2024] [mpm_winnt:notice] [pid 11668:tid 544] AH00456: Apache Lounge VS17 Server built: Oct 18 2023 13:03:18
[Tue Oct 08 15:04:02.154670 2024] [core:notice] [pid 11668:tid 544] AH00094: Command line: 'C:\\Users\\Administrateur\\Desktop\\DashNov\\DashNov\\Apache24\\bin\\httpd.exe -d C:/Users/Administrateur/Desktop/DashNov/DashNov/Apache24'
[Tue Oct 08 15:04:02.154670 2024] [mpm_winnt:notice] [pid 11668:tid 544] AH00418: Parent: Created child process 12656
AH00558: httpd.exe: Could not reliably determine the server's fully qualified domain name, using fe80::7473:a977:5f23:c99f. Set the 'ServerName' directive globally to suppress this message
Apache server interrupted...
 reliably determine the server's fully qualified domain name, using fe80::7473:a977:5f23:c99f. Set the 'ServerName' directive globally to suppress this message
[Tue Oct 08 15:04:02.572438 2024] [mpm_winnt:notice] [pid 12656:tid 512] AH00354: Child: Starting 64 worker threads.
[Tue Oct 08 15:05:02.551686 2024] [mpm_winnt:notice] [pid 11668:tid 544] AH00422: Parent: Received shutdown signal -- Shutting down the server.
[Tue Oct 08 15:05:07.988658 2024] [mpm_winnt:notice] [pid 12656:tid 512] AH00364: Child: All worker threads have exited.
[Tue Oct 08 15:05:08.004283 2024] [mpm_winnt:notice] [pid 11668:tid 544] AH00430: Parent: Child process 12656 exited successfully.
AH00558: httpd.exe: Could not reliably determine the server's fully qualified domain name, using fe80::7473:a977:5f23:c99f. Set the 'ServerName' directive globally to suppress this message
[Tue Oct 08 15:05:09.547836 2024] [mpm_winnt:notice] [pid 9756:tid 524] AH00455: Apache/2.4.58 (Win64) configured -- resuming normal operations
[Tue Oct 08 15:05:09.547836 2024] [mpm_winnt:notice] [pid 9756:tid 524] AH00456: Apache Lounge VS17 Server built: Oct 18 2023 13:03:18
[Tue Oct 08 15:05:09.547836 2024] [core:notice] [pid 9756:tid 524] AH00094: Command line: 'C:\\Users\\Administrateur\\Desktop\\DashNov\\DashNov\\Apache24\\bin\\httpd.exe -d C:/Users/Administrateur/Desktop/DashNov/DashNov/Apache24'
[Tue Oct 08 15:05:09.547836 2024] [mpm_winnt:notice] [pid 9756:tid 524] AH00418: Parent: Created child process 13028
AH00558: httpd.exe: Could not reliably determine the server's fully qualified domain name, using fe80::7473:a977:5f23:c99f. Set the 'ServerName' directive globally to suppress this message
Apache server interrupted...
 reliably determine the server's fully qualified domain name, using fe80::7473:a977:5f23:c99f. Set the 'ServerName' directive globally to suppress this message
[Tue Oct 08 15:05:10.044179 2024] [mpm_winnt:notice] [pid 13028:tid 568] AH00354: Child: Starting 64 worker threads.
[Tue Oct 08 15:08:03.532512 2024] [mpm_winnt:notice] [pid 9756:tid 524] AH00422: Parent: Received shutdown signal -- Shutting down the server.
[Tue Oct 08 15:08:05.538851 2024] [mpm_winnt:notice] [pid 13028:tid 568] AH00364: Child: All worker threads have exited.
[Tue Oct 08 15:08:05.554480 2024] [mpm_winnt:notice] [pid 9756:tid 524] AH00430: Parent: Child process 13028 exited successfully.
AH00558: httpd.exe: Could not reliably determine the server's fully qualified domain name, using fe80::7473:a977:5f23:c99f. Set the 'ServerName' directive globally to suppress this message
[Tue Oct 08 15:08:07.519164 2024] [mpm_winnt:notice] [pid 4976:tid 516] AH00455: Apache/2.4.58 (Win64) configured -- resuming normal operations
[Tue Oct 08 15:08:07.519164 2024] [mpm_winnt:notice] [pid 4976:tid 516] AH00456: Apache Lounge VS17 Server built: Oct 18 2023 13:03:18
[Tue Oct 08 15:08:07.519164 2024] [core:notice] [pid 4976:tid 516] AH00094: Command line: 'C:\\Users\\Administrateur\\Desktop\\DashNov\\DashNov\\Apache24\\bin\\httpd.exe -d C:/Users/Administrateur/Desktop/DashNov/DashNov/Apache24'
[Tue Oct 08 15:08:07.534788 2024] [mpm_winnt:notice] [pid 4976:tid 516] AH00418: Parent: Created child process 7712
AH00558: httpd.exe: Could not reliably determine the server's fully qualified domain name, using fe80::7473:a977:5f23:c99f. Set the 'ServerName' directive globally to suppress this message
Apache server interrupted...
 reliably determine the server's fully qualified domain name, using fe80::7473:a977:5f23:c99f. Set the 'ServerName' directive globally to suppress this message
[Tue Oct 08 15:08:07.908515 2024] [mpm_winnt:notice] [pid 7712:tid 528] AH00354: Child: Starting 64 worker threads.
[Tue Oct 08 15:11:49.922768 2024] [mpm_winnt:notice] [pid 4976:tid 516] AH00422: Parent: Received shutdown signal -- Shutting down the server.
[Tue Oct 08 15:11:51.944321 2024] [mpm_winnt:notice] [pid 7712:tid 528] AH00364: Child: All worker threads have exited.
[Tue Oct 08 15:11:51.959944 2024] [mpm_winnt:notice] [pid 4976:tid 516] AH00430: Parent: Child process 7712 exited successfully.
AH00558: httpd.exe: Could not reliably determine the server's fully qualified domain name, using fe80::7473:a977:5f23:c99f. Set the 'ServerName' directive globally to suppress this message
[Tue Oct 08 15:11:53.293844 2024] [mpm_winnt:notice] [pid 8804:tid 572] AH00455: Apache/2.4.58 (Win64) configured -- resuming normal operations
[Tue Oct 08 15:11:53.293844 2024] [mpm_winnt:notice] [pid 8804:tid 572] AH00456: Apache Lounge VS17 Server built: Oct 18 2023 13:03:18
[Tue Oct 08 15:11:53.293844 2024] [core:notice] [pid 8804:tid 572] AH00094: Command line: 'C:\\Users\\Administrateur\\Desktop\\DashNov\\DashNov\\Apache24\\bin\\httpd.exe -d C:/Users/Administrateur/Desktop/DashNov/DashNov/Apache24'
[Tue Oct 08 15:11:53.293844 2024] [mpm_winnt:notice] [pid 8804:tid 572] AH00418: Parent: Created child process 11512
AH00558: httpd.exe: Could not reliably determine the server's fully qualified domain name, using fe80::7473:a977:5f23:c99f. Set the 'ServerName' directive globally to suppress this message
Apache server interrupted...
 reliably determine the server's fully qualified domain name, using fe80::7473:a977:5f23:c99f. Set the 'ServerName' directive globally to suppress this message
[Tue Oct 08 15:11:53.704154 2024] [mpm_winnt:notice] [pid 11512:tid 552] AH00354: Child: Starting 64 worker threads.
[Tue Oct 08 15:13:22.306467 2024] [mpm_winnt:notice] [pid 8804:tid 572] AH00422: Parent: Received shutdown signal -- Shutting down the server.
[Tue Oct 08 15:13:52.319525 2024] [mpm_winnt:notice] [pid 8804:tid 572] AH00431: Parent: Forcing termination of child process 11512
[Tue Oct 08 15:14:39.106044 2024] [mpm_winnt:notice] [pid 5452:tid 508] AH00455: Apache/2.4.58 (Win64) configured -- resuming normal operations
[Tue Oct 08 15:14:39.106044 2024] [mpm_winnt:notice] [pid 5452:tid 508] AH00456: Apache Lounge VS17 Server built: Oct 18 2023 13:03:18
[Tue Oct 08 15:14:39.106044 2024] [core:notice] [pid 5452:tid 508] AH00094: Command line: 'C:\\Users\\Administrateur\\Desktop\\DashNov\\DashNov\\Apache24\\bin\\httpd.exe -d C:/Users/Administrateur/Desktop/DashNov/DashNov/Apache24'
[Tue Oct 08 15:14:39.106044 2024] [mpm_winnt:notice] [pid 5452:tid 508] AH00418: Parent: Created child process 12488
Apache server interrupted...
024] [mpm_winnt:notice] [pid 12488:tid 528] AH00354: Child: Starting 64 worker threads.
[Tue Oct 08 15:20:33.333699 2024] [mpm_winnt:notice] [pid 5452:tid 508] AH00422: Parent: Received shutdown signal -- Shutting down the server.
Apache server interrupted...
[Tue Oct 08 15:20:35.337102 2024] [mpm_winnt:notice] [pid 12488:tid 528] AH00364: Child: All worker threads have exited.
[Tue Oct 08 15:20:35.356889 2024] [mpm_winnt:notice] [pid 5452:tid 508] AH00430: Parent: Child process 12488 exited successfully.
[Tue Oct 08 15:20:37.078875 2024] [mpm_winnt:notice] [pid 5572:tid 552] AH00455: Apache/2.4.58 (Win64) configured -- resuming normal operations
[Tue Oct 08 15:20:37.078875 2024] [mpm_winnt:notice] [pid 5572:tid 552] AH00456: Apache Lounge VS17 Server built: Oct 18 2023 13:03:18
[Tue Oct 08 15:20:37.078875 2024] [core:notice] [pid 5572:tid 552] AH00094: Command line: 'C:\\Users\\Administrateur\\Desktop\\DashNov\\DashNov\\Apache24\\bin\\httpd.exe -d C:/Users/Administrateur/Desktop/DashNov/DashNov/Apache24'
[Tue Oct 08 15:20:37.078875 2024] [mpm_winnt:notice] [pid 5572:tid 552] AH00418: Parent: Created child process 13192
Apache server interrupted...
024] [mpm_winnt:notice] [pid 13192:tid 544] AH00354: Child: Starting 64 worker threads.
[Tue Oct 08 15:21:08.113587 2024] [mpm_winnt:notice] [pid 5572:tid 552] AH00422: Parent: Received shutdown signal -- Shutting down the server.
[Tue Oct 08 15:21:10.123275 2024] [mpm_winnt:notice] [pid 13192:tid 544] AH00364: Child: All worker threads have exited.
[Tue Oct 08 15:21:10.139275 2024] [mpm_winnt:notice] [pid 5572:tid 552] AH00430: Parent: Child process 13192 exited successfully.
[Tue Oct 08 15:22:20.943865 2024] [mpm_winnt:notice] [pid 12496:tid 164] AH00455: Apache/2.4.58 (Win64) configured -- resuming normal operations
[Tue Oct 08 15:22:20.943865 2024] [mpm_winnt:notice] [pid 12496:tid 164] AH00456: Apache Lounge VS17 Server built: Oct 18 2023 13:03:18
[Tue Oct 08 15:22:20.943865 2024] [core:notice] [pid 12496:tid 164] AH00094: Command line: 'C:\\Users\\Administrateur\\Desktop\\DashNov\\DashNov\\Apache24\\bin\\httpd.exe -d C:/Users/Administrateur/Desktop/DashNov/DashNov/Apache24'
[Tue Oct 08 15:22:20.943865 2024] [mpm_winnt:notice] [pid 12496:tid 164] AH00418: Parent: Created child process 7436
Apache server interrupted...
024] [mpm_winnt:notice] [pid 7436:tid 512] AH00354: Child: Starting 64 worker threads.
[Tue Oct 08 15:24:15.833446 2024] [mpm_winnt:notice] [pid 12496:tid 164] AH00422: Parent: Received shutdown signal -- Shutting down the server.
Apache server interrupted...
[Tue Oct 08 15:24:17.855138 2024] [mpm_winnt:notice] [pid 7436:tid 512] AH00364: Child: All worker threads have exited.
[Tue Oct 08 15:24:17.875853 2024] [mpm_winnt:notice] [pid 12496:tid 164] AH00430: Parent: Child process 7436 exited successfully.
[Tue Oct 08 15:26:39.604905 2024] [mpm_winnt:notice] [pid 11068:tid 540] AH00455: Apache/2.4.58 (Win64) configured -- resuming normal operations
[Tue Oct 08 15:26:39.604905 2024] [mpm_winnt:notice] [pid 11068:tid 540] AH00456: Apache Lounge VS17 Server built: Oct 18 2023 13:03:18
[Tue Oct 08 15:26:39.604905 2024] [core:notice] [pid 11068:tid 540] AH00094: Command line: 'httpd.exe -d C:/Users/Administrateur/Desktop/DashNov/DashNov/Apache24'
[Tue Oct 08 15:26:39.604905 2024] [mpm_winnt:notice] [pid 11068:tid 540] AH00418: Parent: Created child process 8032
Apache server interrupted...
024] [mpm_winnt:notice] [pid 8032:tid 524] AH00354: Child: Starting 64 worker threads.
[Tue Oct 08 15:27:40.433067 2024] [mpm_winnt:notice] [pid 11068:tid 540] AH00422: Parent: Received shutdown signal -- Shutting down the server.
Apache server interrupted...
Apache server interrupted...
Apache server interrupted...
Apache server interrupted...
Apache server interrupted...
Apache server interrupted...
[Tue Oct 08 15:27:42.464288 2024] [mpm_winnt:notice] [pid 8032:tid 524] AH00364: Child: All worker threads have exited.
[Tue Oct 08 15:27:42.479913 2024] [mpm_winnt:notice] [pid 11068:tid 540] AH00430: Parent: Child process 8032 exited successfully.
[Tue Oct 08 15:31:14.494523 2024] [mpm_winnt:notice] [pid 6128:tid 504] AH00455: Apache/2.4.58 (Win64) configured -- resuming normal operations
[Tue Oct 08 15:31:14.494523 2024] [mpm_winnt:notice] [pid 6128:tid 504] AH00456: Apache Lounge VS17 Server built: Oct 18 2023 13:03:18
[Tue Oct 08 15:31:14.494523 2024] [core:notice] [pid 6128:tid 504] AH00094: Command line: 'httpd.exe -d C:/Users/Administrateur/Desktop/DashNov/DashNov/Apache24'
[Tue Oct 08 15:31:14.494523 2024] [mpm_winnt:notice] [pid 6128:tid 504] AH00418: Parent: Created child process 6296
Apache server interrupted...
024] [mpm_winnt:notice] [pid 6296:tid 544] AH00354: Child: Starting 64 worker threads.
[Tue Oct 08 15:37:26.474258 2024] [mpm_winnt:notice] [pid 6128:tid 504] AH00422: Parent: Received shutdown signal -- Shutting down the server.
Apache server interrupted...
Apache server interrupted...
Apache server interrupted...
Apache server interrupted...
Apache server interrupted...
Apache server interrupted...
[Tue Oct 08 15:37:28.505500 2024] [mpm_winnt:notice] [pid 6296:tid 544] AH00364: Child: All worker threads have exited.
[Tue Oct 08 15:37:28.521124 2024] [mpm_winnt:notice] [pid 6128:tid 504] AH00430: Parent: Child process 6296 exited successfully.
[Tue Oct 08 15:37:32.474265 2024] [mpm_winnt:notice] [pid 9184:tid 544] AH00455: Apache/2.4.58 (Win64) configured -- resuming normal operations
[Tue Oct 08 15:37:32.474265 2024] [mpm_winnt:notice] [pid 9184:tid 544] AH00456: Apache Lounge VS17 Server built: Oct 18 2023 13:03:18
[Tue Oct 08 15:37:32.474265 2024] [core:notice] [pid 9184:tid 544] AH00094: Command line: 'httpd.exe -d C:/Users/Administrateur/Desktop/DashNov/DashNov/Apache24'
[Tue Oct 08 15:37:32.474265 2024] [mpm_winnt:notice] [pid 9184:tid 544] AH00418: Parent: Created child process 6568
Apache server interrupted...
024] [mpm_winnt:notice] [pid 6568:tid 556] AH00354: Child: Starting 64 worker threads.
[Tue Oct 08 16:03:26.308864 2024] [mpm_winnt:notice] [pid 9184:tid 544] AH00422: Parent: Received shutdown signal -- Shutting down the server.
Apache server interrupted...
Apache server interrupted...
Apache server interrupted...
Apache server interrupted...
[Tue Oct 08 16:03:28.330121 2024] [mpm_winnt:notice] [pid 6568:tid 556] AH00364: Child: All worker threads have exited.
[Tue Oct 08 16:03:28.345743 2024] [mpm_winnt:notice] [pid 9184:tid 544] AH00430: Parent: Child process 6568 exited successfully.
[Tue Oct 08 16:03:32.673835 2024] [mpm_winnt:notice] [pid 6164:tid 568] AH00455: Apache/2.4.58 (Win64) configured -- resuming normal operations
[Tue Oct 08 16:03:32.673835 2024] [mpm_winnt:notice] [pid 6164:tid 568] AH00456: Apache Lounge VS17 Server built: Oct 18 2023 13:03:18
[Tue Oct 08 16:03:32.673835 2024] [core:notice] [pid 6164:tid 568] AH00094: Command line: 'httpd.exe -d C:/Users/Administrateur/Desktop/DashNov/DashNov/Apache24'
[Tue Oct 08 16:03:32.673835 2024] [mpm_winnt:notice] [pid 6164:tid 568] AH00418: Parent: Created child process 10164
Apache server shutdown initiated...
pm_winnt:notice] [pid 10164:tid 532] AH00354: Child: Starting 64 worker threads.
[Mon Oct 14 10:58:07.639351 2024] [mpm_winnt:notice] [pid 6164:tid 568] AH00422: Parent: Received shutdown signal -- Shutting down the server.
[Mon Oct 14 10:58:09.670598 2024] [mpm_winnt:notice] [pid 10164:tid 532] AH00364: Child: All worker threads have exited.
[Mon Oct 14 10:58:09.686223 2024] [mpm_winnt:notice] [pid 6164:tid 568] AH00430: Parent: Child process 10164 exited successfully.
[Wed Oct 30 11:55:39.980344 2024] [mpm_winnt:notice] [pid 8664:tid 512] AH00455: Apache/2.4.58 (Win64) configured -- resuming normal operations
[Wed Oct 30 11:55:39.980344 2024] [mpm_winnt:notice] [pid 8664:tid 512] AH00456: Apache Lounge VS17 Server built: Oct 18 2023 13:03:18
[Wed Oct 30 11:55:39.980344 2024] [core:notice] [pid 8664:tid 512] AH00094: Command line: 'C:\\Users\\Administrateur\\Desktop\\DashNov\\DashNov\\Apache24\\bin\\httpd.exe -d C:/Users/Administrateur/Desktop/DashNov/DashNov/Apache24'
[Wed Oct 30 11:55:39.995969 2024] [mpm_winnt:notice] [pid 8664:tid 512] AH00418: Parent: Created child process 11220
Apache server shutdown initiated...
pm_winnt:notice] [pid 11220:tid 512] AH00354: Child: Starting 64 worker threads.
[Tue Nov 19 08:57:48.106745 2024] [mpm_winnt:notice] [pid 8664:tid 512] AH00422: Parent: Received shutdown signal -- Shutting down the server.
[Tue Nov 19 08:57:50.137994 2024] [mpm_winnt:notice] [pid 11220:tid 512] AH00364: Child: All worker threads have exited.
[Tue Nov 19 08:57:50.153619 2024] [mpm_winnt:notice] [pid 8664:tid 512] AH00430: Parent: Child process 11220 exited successfully.
[Mon Dec 02 09:27:47.782358 2024] [mpm_winnt:notice] [pid 10192:tid 504] AH00455: Apache/2.4.58 (Win64) configured -- resuming normal operations
[Mon Dec 02 09:27:47.782358 2024] [mpm_winnt:notice] [pid 10192:tid 504] AH00456: Apache Lounge VS17 Server built: Oct 18 2023 13:03:18
[Mon Dec 02 09:27:47.782358 2024] [core:notice] [pid 10192:tid 504] AH00094: Command line: 'httpd.exe -d C:/Users/Administrateur/Desktop/DashNov/DashNov/Apache24'
[Mon Dec 02 09:27:47.782358 2024] [mpm_winnt:notice] [pid 10192:tid 504] AH00418: Parent: Created child process 5980
Apache server interrupted...
024] [mpm_winnt:notice] [pid 5980:tid 520] AH00354: Child: Starting 64 worker threads.
[Mon Dec 02 09:47:02.148425 2024] [mpm_winnt:notice] [pid 10192:tid 504] AH00422: Parent: Received shutdown signal -- Shutting down the server.
[Mon Dec 02 09:47:04.179675 2024] [mpm_winnt:notice] [pid 5980:tid 520] AH00364: Child: All worker threads have exited.
[Mon Dec 02 09:47:04.195299 2024] [mpm_winnt:notice] [pid 10192:tid 504] AH00430: Parent: Child process 5980 exited successfully.
[Mon Dec 02 09:47:11.242186 2024] [mpm_winnt:notice] [pid 12164:tid 512] AH00455: Apache/2.4.58 (Win64) configured -- resuming normal operations
[Mon Dec 02 09:47:11.242186 2024] [mpm_winnt:notice] [pid 12164:tid 512] AH00456: Apache Lounge VS17 Server built: Oct 18 2023 13:03:18
[Mon Dec 02 09:47:11.242186 2024] [core:notice] [pid 12164:tid 512] AH00094: Command line: 'httpd.exe -d C:/Users/Administrateur/Desktop/DashNov/DashNov/Apache24'
[Mon Dec 02 09:47:11.242186 2024] [mpm_winnt:notice] [pid 12164:tid 512] AH00418: Parent: Created child process 648
Apache server interrupted...
024] [mpm_winnt:notice] [pid 648:tid 536] AH00354: Child: Starting 64 worker threads.
[Mon Dec 02 09:49:32.614505 2024] [mpm_winnt:notice] [pid 12164:tid 512] AH00422: Parent: Received shutdown signal -- Shutting down the server.
Apache server interrupted...
[Mon Dec 02 09:49:34.638303 2024] [mpm_winnt:notice] [pid 648:tid 536] AH00364: Child: All worker threads have exited.
[Mon Dec 02 09:49:34.653929 2024] [mpm_winnt:notice] [pid 12164:tid 512] AH00430: Parent: Child process 648 exited successfully.
[Mon Dec 02 09:49:49.825801 2024] [mpm_winnt:notice] [pid 1232:tid 552] AH00455: Apache/2.4.58 (Win64) configured -- resuming normal operations
[Mon Dec 02 09:49:49.825801 2024] [mpm_winnt:notice] [pid 1232:tid 552] AH00456: Apache Lounge VS17 Server built: Oct 18 2023 13:03:18
[Mon Dec 02 09:49:49.825801 2024] [core:notice] [pid 1232:tid 552] AH00094: Command line: 'httpd.exe -d C:/Users/Administrateur/Desktop/DashNov/DashNov/Apache24'
[Mon Dec 02 09:49:49.825801 2024] [mpm_winnt:notice] [pid 1232:tid 552] AH00418: Parent: Created child process 4936
Apache server interrupted...
024] [mpm_winnt:notice] [pid 4936:tid 524] AH00354: Child: Starting 64 worker threads.
[Mon Dec 02 09:55:36.915772 2024] [mpm_winnt:notice] [pid 1232:tid 552] AH00422: Parent: Received shutdown signal -- Shutting down the server.
[Mon Dec 02 09:55:38.938491 2024] [mpm_winnt:notice] [pid 4936:tid 524] AH00364: Child: All worker threads have exited.
[Mon Dec 02 09:55:38.954116 2024] [mpm_winnt:notice] [pid 1232:tid 552] AH00430: Parent: Child process 4936 exited successfully.
[Mon Dec 02 09:55:40.938500 2024] [mpm_winnt:notice] [pid 2756:tid 520] AH00455: Apache/2.4.58 (Win64) configured -- resuming normal operations
[Mon Dec 02 09:55:40.938500 2024] [mpm_winnt:notice] [pid 2756:tid 520] AH00456: Apache Lounge VS17 Server built: Oct 18 2023 13:03:18
[Mon Dec 02 09:55:40.938500 2024] [core:notice] [pid 2756:tid 520] AH00094: Command line: 'httpd.exe -d C:/Users/Administrateur/Desktop/DashNov/DashNov/Apache24'
[Mon Dec 02 09:55:40.938500 2024] [mpm_winnt:notice] [pid 2756:tid 520] AH00418: Parent: Created child process 8460
Apache server interrupted...
024] [mpm_winnt:notice] [pid 8460:tid 560] AH00354: Child: Starting 64 worker threads.
[Mon Dec 02 10:01:36.880969 2024] [mpm_winnt:notice] [pid 2756:tid 520] AH00422: Parent: Received shutdown signal -- Shutting down the server.
Apache server interrupted...
Apache server interrupted...
Apache server interrupted...
Apache server interrupted...
Apache server interrupted...
[Mon Dec 02 10:01:38.912216 2024] [mpm_winnt:notice] [pid 8460:tid 560] AH00364: Child: All worker threads have exited.
[Mon Dec 02 10:01:38.927837 2024] [mpm_winnt:notice] [pid 2756:tid 520] AH00430: Parent: Child process 8460 exited successfully.
[Mon Dec 02 10:01:40.787210 2024] [mpm_winnt:notice] [pid 9120:tid 524] AH00455: Apache/2.4.58 (Win64) configured -- resuming normal operations
[Mon Dec 02 10:01:40.787210 2024] [mpm_winnt:notice] [pid 9120:tid 524] AH00456: Apache Lounge VS17 Server built: Oct 18 2023 13:03:18
[Mon Dec 02 10:01:40.787210 2024] [core:notice] [pid 9120:tid 524] AH00094: Command line: 'httpd.exe -d C:/Users/Administrateur/Desktop/DashNov/DashNov/Apache24'
[Mon Dec 02 10:01:40.787210 2024] [mpm_winnt:notice] [pid 9120:tid 524] AH00418: Parent: Created child process 9532
Apache server interrupted...
024] [mpm_winnt:notice] [pid 9532:tid 528] AH00354: Child: Starting 64 worker threads.
[Mon Dec 02 10:15:57.662479 2024] [mpm_winnt:notice] [pid 9120:tid 524] AH00422: Parent: Received shutdown signal -- Shutting down the server.
[Mon Dec 02 10:15:59.678587 2024] [mpm_winnt:notice] [pid 9532:tid 528] AH00364: Child: All worker threads have exited.
[Mon Dec 02 10:15:59.694213 2024] [mpm_winnt:notice] [pid 9120:tid 524] AH00430: Parent: Child process 9532 exited successfully.
[Mon Dec 02 10:16:01.522335 2024] [mpm_winnt:notice] [pid 452:tid 564] AH00455: Apache/2.4.58 (Win64) configured -- resuming normal operations
[Mon Dec 02 10:16:01.522335 2024] [mpm_winnt:notice] [pid 452:tid 564] AH00456: Apache Lounge VS17 Server built: Oct 18 2023 13:03:18
[Mon Dec 02 10:16:01.522335 2024] [core:notice] [pid 452:tid 564] AH00094: Command line: 'httpd.exe -d C:/Users/Administrateur/Desktop/DashNov/DashNov/Apache24'
[Mon Dec 02 10:16:01.522335 2024] [mpm_winnt:notice] [pid 452:tid 564] AH00418: Parent: Created child process 5492
Apache server interrupted...
024] [mpm_winnt:notice] [pid 5492:tid 544] AH00354: Child: Starting 64 worker threads.
[Mon Dec 02 10:17:01.422041 2024] [mpm_winnt:notice] [pid 452:tid 564] AH00422: Parent: Received shutdown signal -- Shutting down the server.
[Mon Dec 02 10:17:03.431454 2024] [mpm_winnt:notice] [pid 5492:tid 544] AH00364: Child: All worker threads have exited.
[Mon Dec 02 10:17:03.446951 2024] [mpm_winnt:notice] [pid 452:tid 564] AH00430: Parent: Child process 5492 exited successfully.
[Mon Dec 02 10:17:13.468810 2024] [mpm_winnt:notice] [pid 9076:tid 540] AH00455: Apache/2.4.58 (Win64) configured -- resuming normal operations
[Mon Dec 02 10:17:13.468810 2024] [mpm_winnt:notice] [pid 9076:tid 540] AH00456: Apache Lounge VS17 Server built: Oct 18 2023 13:03:18
[Mon Dec 02 10:17:13.468810 2024] [core:notice] [pid 9076:tid 540] AH00094: Command line: 'httpd.exe -d C:/Users/Administrateur/Desktop/DashNov/DashNov/Apache24'
[Mon Dec 02 10:17:13.468810 2024] [mpm_winnt:notice] [pid 9076:tid 540] AH00418: Parent: Created child process 10368
Apache server interrupted...
024] [mpm_winnt:notice] [pid 10368:tid 512] AH00354: Child: Starting 64 worker threads.
[Mon Dec 02 10:31:29.838552 2024] [mpm_winnt:notice] [pid 9076:tid 540] AH00422: Parent: Received shutdown signal -- Shutting down the server.
Apache server interrupted...
Apache server interrupted...
Apache server interrupted...
Apache server interrupted...
[Mon Dec 02 10:31:31.849132 2024] [mpm_winnt:notice] [pid 10368:tid 512] AH00364: Child: All worker threads have exited.
[Mon Dec 02 10:31:31.864758 2024] [mpm_winnt:notice] [pid 9076:tid 540] AH00430: Parent: Child process 10368 exited successfully.
[Mon Dec 02 10:31:42.433170 2024] [mpm_winnt:notice] [pid 4388:tid 560] AH00455: Apache/2.4.58 (Win64) configured -- resuming normal operations
[Mon Dec 02 10:31:42.433170 2024] [mpm_winnt:notice] [pid 4388:tid 560] AH00456: Apache Lounge VS17 Server built: Oct 18 2023 13:03:18
[Mon Dec 02 10:31:42.433170 2024] [core:notice] [pid 4388:tid 560] AH00094: Command line: 'httpd.exe -d C:/Users/Administrateur/Desktop/DashNov/DashNov/Apache24'
[Mon Dec 02 10:31:42.433170 2024] [mpm_winnt:notice] [pid 4388:tid 560] AH00418: Parent: Created child process 11380
Apache server interrupted...
024] [mpm_winnt:notice] [pid 11380:tid 528] AH00354: Child: Starting 64 worker threads.
[Mon Dec 02 10:48:56.672251 2024] [mpm_winnt:notice] [pid 4388:tid 560] AH00422: Parent: Received shutdown signal -- Shutting down the server.
[Mon Dec 02 10:48:58.674381 2024] [mpm_winnt:notice] [pid 11380:tid 528] AH00364: Child: All worker threads have exited.
[Mon Dec 02 10:48:58.693730 2024] [mpm_winnt:notice] [pid 4388:tid 560] AH00430: Parent: Child process 11380 exited successfully.
[Mon Dec 02 10:49:17.767366 2024] [mpm_winnt:notice] [pid 6004:tid 504] AH00455: Apache/2.4.58 (Win64) configured -- resuming normal operations
[Mon Dec 02 10:49:17.767366 2024] [mpm_winnt:notice] [pid 6004:tid 504] AH00456: Apache Lounge VS17 Server built: Oct 18 2023 13:03:18
[Mon Dec 02 10:49:17.767366 2024] [core:notice] [pid 6004:tid 504] AH00094: Command line: 'httpd.exe -d C:/Users/Administrateur/Desktop/DashNov/DashNov/Apache24'
[Mon Dec 02 10:49:17.782994 2024] [mpm_winnt:notice] [pid 6004:tid 504] AH00418: Parent: Created child process 10276
Apache server interrupted...
024] [mpm_winnt:notice] [pid 10276:tid 508] AH00354: Child: Starting 64 worker threads.
[Mon Dec 02 10:51:12.958734 2024] [mpm_winnt:notice] [pid 6004:tid 504] AH00422: Parent: Received shutdown signal -- Shutting down the server.
Apache server interrupted...
Apache server interrupted...
[Mon Dec 02 10:51:14.989983 2024] [mpm_winnt:notice] [pid 10276:tid 508] AH00364: Child: All worker threads have exited.
[Mon Dec 02 10:51:15.005608 2024] [mpm_winnt:notice] [pid 6004:tid 504] AH00430: Parent: Child process 10276 exited successfully.
[Mon Dec 02 10:51:17.052485 2024] [mpm_winnt:notice] [pid 8504:tid 516] AH00455: Apache/2.4.58 (Win64) configured -- resuming normal operations
[Mon Dec 02 10:51:17.052485 2024] [mpm_winnt:notice] [pid 8504:tid 516] AH00456: Apache Lounge VS17 Server built: Oct 18 2023 13:03:18
[Mon Dec 02 10:51:17.052485 2024] [core:notice] [pid 8504:tid 516] AH00094: Command line: 'httpd.exe -d C:/Users/Administrateur/Desktop/DashNov/DashNov/Apache24'
[Mon Dec 02 10:51:17.068108 2024] [mpm_winnt:notice] [pid 8504:tid 516] AH00418: Parent: Created child process 1268
Apache server interrupted...
024] [mpm_winnt:notice] [pid 1268:tid 560] AH00354: Child: Starting 64 worker threads.
[Mon Dec 02 11:50:36.674019 2024] [mpm_winnt:notice] [pid 8504:tid 516] AH00422: Parent: Received shutdown signal -- Shutting down the server.
[Mon Dec 02 11:50:38.705273 2024] [mpm_winnt:notice] [pid 1268:tid 560] AH00364: Child: All worker threads have exited.
[Mon Dec 02 11:50:38.720901 2024] [mpm_winnt:notice] [pid 8504:tid 516] AH00430: Parent: Child process 1268 exited successfully.
[Mon Dec 02 11:50:40.752147 2024] [mpm_winnt:notice] [pid 12096:tid 512] AH00455: Apache/2.4.58 (Win64) configured -- resuming normal operations
[Mon Dec 02 11:50:40.752147 2024] [mpm_winnt:notice] [pid 12096:tid 512] AH00456: Apache Lounge VS17 Server built: Oct 18 2023 13:03:18
[Mon Dec 02 11:50:40.752147 2024] [core:notice] [pid 12096:tid 512] AH00094: Command line: 'httpd.exe -d C:/Users/Administrateur/Desktop/DashNov/DashNov/Apache24'
[Mon Dec 02 11:50:40.752147 2024] [mpm_winnt:notice] [pid 12096:tid 512] AH00418: Parent: Created child process 5692
Apache server interrupted...
024] [mpm_winnt:notice] [pid 5692:tid 544] AH00354: Child: Starting 64 worker threads.
[Wed Dec 04 14:00:22.957897 2024] [mpm_winnt:notice] [pid 12096:tid 512] AH00422: Parent: Received shutdown signal -- Shutting down the server.
[Wed Dec 04 14:00:24.989147 2024] [mpm_winnt:notice] [pid 5692:tid 544] AH00364: Child: All worker threads have exited.
[Wed Dec 04 14:00:25.004772 2024] [mpm_winnt:notice] [pid 12096:tid 512] AH00430: Parent: Child process 5692 exited successfully.
[Wed Dec 04 14:00:34.300088 2024] [mpm_winnt:notice] [pid 12480:tid 524] AH00455: Apache/2.4.58 (Win64) configured -- resuming normal operations
[Wed Dec 04 14:00:34.300088 2024] [mpm_winnt:notice] [pid 12480:tid 524] AH00456: Apache Lounge VS17 Server built: Oct 18 2023 13:03:18
[Wed Dec 04 14:00:34.300088 2024] [core:notice] [pid 12480:tid 524] AH00094: Command line: 'httpd.exe -d C:/Users/Administrateur/Desktop/DashNov/DashNov/Apache24'
[Wed Dec 04 14:00:34.315713 2024] [mpm_winnt:notice] [pid 12480:tid 524] AH00418: Parent: Created child process 3044
Apache server interrupted...
024] [mpm_winnt:notice] [pid 3044:tid 576] AH00354: Child: Starting 64 worker threads.
[Wed Dec 04 14:09:14.942058 2024] [mpm_winnt:notice] [pid 12480:tid 524] AH00422: Parent: Received shutdown signal -- Shutting down the server.
[Wed Dec 04 14:09:16.957149 2024] [mpm_winnt:notice] [pid 3044:tid 576] AH00364: Child: All worker threads have exited.
[Wed Dec 04 14:09:16.973150 2024] [mpm_winnt:notice] [pid 12480:tid 524] AH00430: Parent: Child process 3044 exited successfully.
[Wed Dec 04 14:09:33.456809 2024] [mpm_winnt:notice] [pid 11648:tid 536] AH00455: Apache/2.4.58 (Win64) configured -- resuming normal operations
[Wed Dec 04 14:09:33.456809 2024] [mpm_winnt:notice] [pid 11648:tid 536] AH00456: Apache Lounge VS17 Server built: Oct 18 2023 13:03:18
[Wed Dec 04 14:09:33.456809 2024] [core:notice] [pid 11648:tid 536] AH00094: Command line: 'httpd.exe -d C:/Users/Administrateur/Desktop/DashNov/DashNov/Apache24'
[Wed Dec 04 14:09:33.456809 2024] [mpm_winnt:notice] [pid 11648:tid 536] AH00418: Parent: Created child process 14284
Apache server interrupted...
024] [mpm_winnt:notice] [pid 14284:tid 508] AH00354: Child: Starting 64 worker threads.
[Thu Dec 05 14:18:18.185995 2024] [mpm_winnt:notice] [pid 11648:tid 536] AH00422: Parent: Received shutdown signal -- Shutting down the server.
Apache server interrupted...
Apache server interrupted...
Apache server interrupted...
Apache server interrupted...
[Thu Dec 05 14:18:20.202512 2024] [mpm_winnt:notice] [pid 14284:tid 508] AH00364: Child: All worker threads have exited.
[Thu Dec 05 14:18:20.218137 2024] [mpm_winnt:notice] [pid 11648:tid 536] AH00430: Parent: Child process 14284 exited successfully.
[Thu Dec 05 17:20:20.185636 2024] [mpm_winnt:notice] [pid 10276:tid 504] AH00455: Apache/2.4.58 (Win64) configured -- resuming normal operations
[Thu Dec 05 17:20:20.185636 2024] [mpm_winnt:notice] [pid 10276:tid 504] AH00456: Apache Lounge VS17 Server built: Oct 18 2023 13:03:18
[Thu Dec 05 17:20:20.185636 2024] [core:notice] [pid 10276:tid 504] AH00094: Command line: 'httpd.exe -d C:/Users/Administrateur/Desktop/DashNov/DashNov/Apache24'
[Thu Dec 05 17:20:20.185636 2024] [mpm_winnt:notice] [pid 10276:tid 504] AH00418: Parent: Created child process 2216
Apache server interrupted...
024] [mpm_winnt:notice] [pid 2216:tid 528] AH00354: Child: Starting 64 worker threads.
[Mon Dec 09 10:48:48.697703 2024] [mpm_winnt:notice] [pid 10276:tid 504] AH00422: Parent: Received shutdown signal -- Shutting down the server.
[Mon Dec 09 10:48:50.728947 2024] [mpm_winnt:notice] [pid 2216:tid 528] AH00364: Child: All worker threads have exited.
[Mon Dec 09 10:48:50.744572 2024] [mpm_winnt:notice] [pid 10276:tid 504] AH00430: Parent: Child process 2216 exited successfully.
[Mon Dec 09 10:48:52.621000 2024] [mpm_winnt:notice] [pid 13628:tid 544] AH00455: Apache/2.4.58 (Win64) configured -- resuming normal operations
[Mon Dec 09 10:48:52.621998 2024] [mpm_winnt:notice] [pid 13628:tid 544] AH00456: Apache Lounge VS17 Server built: Oct 18 2023 13:03:18
[Mon Dec 09 10:48:52.621998 2024] [core:notice] [pid 13628:tid 544] AH00094: Command line: 'httpd.exe -d C:/Users/Administrateur/Desktop/DashNov/DashNov/Apache24'
[Mon Dec 09 10:48:52.625001 2024] [mpm_winnt:notice] [pid 13628:tid 544] AH00418: Parent: Created child process 10152
Apache server interrupted...
024] [mpm_winnt:notice] [pid 10152:tid 524] AH00354: Child: Starting 64 worker threads.
[Mon Dec 09 10:51:57.507645 2024] [mpm_winnt:notice] [pid 13628:tid 544] AH00422: Parent: Received shutdown signal -- Shutting down the server.
Apache server interrupted...
Apache server interrupted...
Apache server interrupted...
Apache server interrupted...
Apache server interrupted...
Apache server interrupted...
[Mon Dec 09 10:51:59.509973 2024] [mpm_winnt:notice] [pid 10152:tid 524] AH00364: Child: All worker threads have exited.
[Mon Dec 09 10:51:59.526196 2024] [mpm_winnt:notice] [pid 13628:tid 544] AH00430: Parent: Child process 10152 exited successfully.
[Wed Dec 11 16:50:22.034029 2024] [mpm_winnt:notice] [pid 8512:tid 504] AH00455: Apache/2.4.58 (Win64) configured -- resuming normal operations
[Wed Dec 11 16:50:22.034029 2024] [mpm_winnt:notice] [pid 8512:tid 504] AH00456: Apache Lounge VS17 Server built: Oct 18 2023 13:03:18
[Wed Dec 11 16:50:22.034029 2024] [core:notice] [pid 8512:tid 504] AH00094: Command line: 'httpd.exe -d C:/Users/Administrateur/Desktop/DashNov/DashNov/Apache24'
[Wed Dec 11 16:50:22.034029 2024] [mpm_winnt:notice] [pid 8512:tid 504] AH00418: Parent: Created child process 2952
Apache server interrupted...
024] [mpm_winnt:notice] [pid 2952:tid 512] AH00354: Child: Starting 64 worker threads.
[Wed Dec 11 16:53:22.074426 2024] [mpm_winnt:notice] [pid 8512:tid 504] AH00422: Parent: Received shutdown signal -- Shutting down the server.
Apache server interrupted...
Apache server interrupted...
[Wed Dec 11 16:53:24.099690 2024] [mpm_winnt:notice] [pid 2952:tid 512] AH00364: Child: All worker threads have exited.
[Wed Dec 11 16:53:24.115313 2024] [mpm_winnt:notice] [pid 8512:tid 504] AH00430: Parent: Child process 2952 exited successfully.
[Wed Dec 11 16:53:25.365313 2024] [mpm_winnt:notice] [pid 6648:tid 528] AH00455: Apache/2.4.58 (Win64) configured -- resuming normal operations
[Wed Dec 11 16:53:25.365313 2024] [mpm_winnt:notice] [pid 6648:tid 528] AH00456: Apache Lounge VS17 Server built: Oct 18 2023 13:03:18
[Wed Dec 11 16:53:25.365313 2024] [core:notice] [pid 6648:tid 528] AH00094: Command line: 'httpd.exe -d C:/Users/Administrateur/Desktop/DashNov/DashNov/Apache24'
[Wed Dec 11 16:53:25.365313 2024] [mpm_winnt:notice] [pid 6648:tid 528] AH00418: Parent: Created child process 5152
Apache server interrupted...
024] [mpm_winnt:notice] [pid 5152:tid 564] AH00354: Child: Starting 64 worker threads.
[Wed Dec 11 17:41:07.190751 2024] [mpm_winnt:notice] [pid 6648:tid 528] AH00422: Parent: Received shutdown signal -- Shutting down the server.
[Wed Dec 11 17:41:09.222544 2024] [mpm_winnt:notice] [pid 5152:tid 564] AH00364: Child: All worker threads have exited.
[Wed Dec 11 17:41:09.238170 2024] [mpm_winnt:notice] [pid 6648:tid 528] AH00430: Parent: Child process 5152 exited successfully.
[Wed Dec 11 17:41:11.755149 2024] [mpm_winnt:notice] [pid 14724:tid 536] AH00455: Apache/2.4.58 (Win64) configured -- resuming normal operations
[Wed Dec 11 17:41:11.755149 2024] [mpm_winnt:notice] [pid 14724:tid 536] AH00456: Apache Lounge VS17 Server built: Oct 18 2023 13:03:18
[Wed Dec 11 17:41:11.755149 2024] [core:notice] [pid 14724:tid 536] AH00094: Command line: 'httpd.exe -d C:/Users/Administrateur/Desktop/DashNov/DashNov/Apache24'
[Wed Dec 11 17:41:11.770772 2024] [mpm_winnt:notice] [pid 14724:tid 536] AH00418: Parent: Created child process 12124
Apache server interrupted...
024] [mpm_winnt:notice] [pid 12124:tid 512] AH00354: Child: Starting 64 worker threads.
[Thu Dec 12 11:48:07.335543 2024] [mpm_winnt:notice] [pid 14724:tid 536] AH00422: Parent: Received shutdown signal -- Shutting down the server.
[Thu Dec 12 11:48:09.353621 2024] [mpm_winnt:notice] [pid 12124:tid 512] AH00364: Child: All worker threads have exited.
[Thu Dec 12 11:48:09.369245 2024] [mpm_winnt:notice] [pid 14724:tid 536] AH00430: Parent: Child process 12124 exited successfully.
[Thu Dec 12 11:48:11.713888 2024] [mpm_winnt:notice] [pid 14060:tid 548] AH00455: Apache/2.4.58 (Win64) configured -- resuming normal operations
[Thu Dec 12 11:48:11.713888 2024] [mpm_winnt:notice] [pid 14060:tid 548] AH00456: Apache Lounge VS17 Server built: Oct 18 2023 13:03:18
[Thu Dec 12 11:48:11.713888 2024] [core:notice] [pid 14060:tid 548] AH00094: Command line: 'httpd.exe -d C:/Users/Administrateur/Desktop/DashNov/DashNov/Apache24'
[Thu Dec 12 11:48:11.713888 2024] [mpm_winnt:notice] [pid 14060:tid 548] AH00418: Parent: Created child process 2972
Apache server interrupted...
024] [mpm_winnt:notice] [pid 2972:tid 508] AH00354: Child: Starting 64 worker threads.
[Fri Dec 13 12:03:56.516624 2024] [mpm_winnt:notice] [pid 14060:tid 548] AH00422: Parent: Received shutdown signal -- Shutting down the server.
Apache server interrupted...
Apache server interrupted...
Apache server interrupted...
Apache server interrupted...
Apache server interrupted...
Apache server interrupted...
Apache server interrupted...
Apache server interrupted...
[Fri Dec 13 12:03:58.547868 2024] [mpm_winnt:notice] [pid 2972:tid 508] AH00364: Child: All worker threads have exited.
[Fri Dec 13 12:03:58.563494 2024] [mpm_winnt:notice] [pid 14060:tid 548] AH00430: Parent: Child process 2972 exited successfully.
[Fri Dec 13 12:04:00.719749 2024] [mpm_winnt:notice] [pid 11000:tid 552] AH00455: Apache/2.4.58 (Win64) configured -- resuming normal operations
[Fri Dec 13 12:04:00.719749 2024] [mpm_winnt:notice] [pid 11000:tid 552] AH00456: Apache Lounge VS17 Server built: Oct 18 2023 13:03:18
[Fri Dec 13 12:04:00.719749 2024] [core:notice] [pid 11000:tid 552] AH00094: Command line: 'httpd.exe -d C:/Users/Administrateur/Desktop/DashNov/DashNov/Apache24'
[Fri Dec 13 12:04:00.719749 2024] [mpm_winnt:notice] [pid 11000:tid 552] AH00418: Parent: Created child process 14492
Apache server interrupted...
024] [mpm_winnt:notice] [pid 14492:tid 508] AH00354: Child: Starting 64 worker threads.
[Fri Dec 13 12:05:49.569049 2024] [mpm_winnt:notice] [pid 11000:tid 552] AH00422: Parent: Received shutdown signal -- Shutting down the server.
Apache server interrupted...
Apache server interrupted...
Apache server interrupted...
[Fri Dec 13 12:05:51.600300 2024] [mpm_winnt:notice] [pid 14492:tid 508] AH00364: Child: All worker threads have exited.
[Fri Dec 13 12:05:51.615925 2024] [mpm_winnt:notice] [pid 11000:tid 552] AH00430: Parent: Child process 14492 exited successfully.
[Fri Dec 13 12:05:52.975303 2024] [mpm_winnt:notice] [pid 6604:tid 504] AH00455: Apache/2.4.58 (Win64) configured -- resuming normal operations
[Fri Dec 13 12:05:52.990929 2024] [mpm_winnt:notice] [pid 6604:tid 504] AH00456: Apache Lounge VS17 Server built: Oct 18 2023 13:03:18
[Fri Dec 13 12:05:52.990929 2024] [core:notice] [pid 6604:tid 504] AH00094: Command line: 'httpd.exe -d C:/Users/Administrateur/Desktop/DashNov/DashNov/Apache24'
[Fri Dec 13 12:05:52.990929 2024] [mpm_winnt:notice] [pid 6604:tid 504] AH00418: Parent: Created child process 2708
Apache server interrupted...
024] [mpm_winnt:notice] [pid 2708:tid 544] AH00354: Child: Starting 64 worker threads.
[Fri Dec 13 15:38:00.584560 2024] [mpm_winnt:notice] [pid 6604:tid 504] AH00422: Parent: Received shutdown signal -- Shutting down the server.
Apache server interrupted...
Apache server interrupted...
Apache server interrupted...
[Fri Dec 13 15:38:02.615805 2024] [mpm_winnt:notice] [pid 2708:tid 544] AH00364: Child: All worker threads have exited.
[Fri Dec 13 15:38:02.631430 2024] [mpm_winnt:notice] [pid 6604:tid 504] AH00430: Parent: Child process 2708 exited successfully.
[Fri Dec 13 15:38:05.287678 2024] [mpm_winnt:notice] [pid 8608:tid 568] AH00455: Apache/2.4.58 (Win64) configured -- resuming normal operations
[Fri Dec 13 15:38:05.287678 2024] [mpm_winnt:notice] [pid 8608:tid 568] AH00456: Apache Lounge VS17 Server built: Oct 18 2023 13:03:18
[Fri Dec 13 15:38:05.287678 2024] [core:notice] [pid 8608:tid 568] AH00094: Command line: 'httpd.exe -d C:/Users/Administrateur/Desktop/DashNov/DashNov/Apache24'
[Fri Dec 13 15:38:05.287678 2024] [mpm_winnt:notice] [pid 8608:tid 568] AH00418: Parent: Created child process 12632
Apache server interrupted...
024] [mpm_winnt:notice] [pid 12632:tid 508] AH00354: Child: Starting 64 worker threads.
[Mon Dec 16 14:08:05.840194 2024] [mpm_winnt:notice] [pid 8608:tid 568] AH00422: Parent: Received shutdown signal -- Shutting down the server.
Apache server interrupted...
[Mon Dec 16 14:08:07.871459 2024] [mpm_winnt:notice] [pid 12632:tid 508] AH00364: Child: All worker threads have exited.
[Mon Dec 16 14:08:07.887084 2024] [mpm_winnt:notice] [pid 8608:tid 568] AH00430: Parent: Child process 12632 exited successfully.
[Mon Dec 16 14:08:10.168329 2024] [mpm_winnt:notice] [pid 13120:tid 508] AH00455: Apache/2.4.58 (Win64) configured -- resuming normal operations
[Mon Dec 16 14:08:10.168329 2024] [mpm_winnt:notice] [pid 13120:tid 508] AH00456: Apache Lounge VS17 Server built: Oct 18 2023 13:03:18
[Mon Dec 16 14:08:10.168329 2024] [core:notice] [pid 13120:tid 508] AH00094: Command line: 'httpd.exe -d C:/Users/Administrateur/Desktop/DashNov/DashNov/Apache24'
[Mon Dec 16 14:08:10.168329 2024] [mpm_winnt:notice] [pid 13120:tid 508] AH00418: Parent: Created child process 11932
Apache server interrupted...
024] [mpm_winnt:notice] [pid 11932:tid 520] AH00354: Child: Starting 64 worker threads.
[Mon Dec 16 16:40:53.383307 2024] [mpm_winnt:notice] [pid 13120:tid 508] AH00422: Parent: Received shutdown signal -- Shutting down the server.
Apache server interrupted...
Apache server interrupted...
[Mon Dec 16 16:40:55.414557 2024] [mpm_winnt:notice] [pid 11932:tid 520] AH00364: Child: All worker threads have exited.
[Mon Dec 16 16:40:55.430182 2024] [mpm_winnt:notice] [pid 13120:tid 508] AH00430: Parent: Child process 11932 exited successfully.
[Mon Dec 16 16:40:56.539558 2024] [mpm_winnt:notice] [pid 9692:tid 504] AH00455: Apache/2.4.58 (Win64) configured -- resuming normal operations
[Mon Dec 16 16:40:56.539558 2024] [mpm_winnt:notice] [pid 9692:tid 504] AH00456: Apache Lounge VS17 Server built: Oct 18 2023 13:03:18
[Mon Dec 16 16:40:56.539558 2024] [core:notice] [pid 9692:tid 504] AH00094: Command line: 'httpd.exe -d C:/Users/Administrateur/Desktop/DashNov/DashNov/Apache24'
[Mon Dec 16 16:40:56.539558 2024] [mpm_winnt:notice] [pid 9692:tid 504] AH00418: Parent: Created child process 10800
Apache server interrupted...
024] [mpm_winnt:notice] [pid 10800:tid 548] AH00354: Child: Starting 64 worker threads.
[Mon Dec 23 15:24:12.300534 2024] [mpm_winnt:notice] [pid 9692:tid 504] AH00422: Parent: Received shutdown signal -- Shutting down the server.
Apache server interrupted...
Apache server interrupted...
[Mon Dec 23 15:24:14.331786 2024] [mpm_winnt:notice] [pid 10800:tid 548] AH00364: Child: All worker threads have exited.
[Mon Dec 23 15:24:14.347411 2024] [mpm_winnt:notice] [pid 9692:tid 504] AH00430: Parent: Child process 10800 exited successfully.
[Mon Dec 23 15:24:18.935124 2024] [mpm_winnt:notice] [pid 5952:tid 544] AH00455: Apache/2.4.58 (Win64) configured -- resuming normal operations
[Mon Dec 23 15:24:18.936123 2024] [mpm_winnt:notice] [pid 5952:tid 544] AH00456: Apache Lounge VS17 Server built: Oct 18 2023 13:03:18
[Mon Dec 23 15:24:18.936123 2024] [core:notice] [pid 5952:tid 544] AH00094: Command line: 'httpd.exe -d C:/Users/Administrateur/Desktop/DashNov/DashNov/Apache24'
[Mon Dec 23 15:24:18.940124 2024] [mpm_winnt:notice] [pid 5952:tid 544] AH00418: Parent: Created child process 8740
Apache server interrupted...
024] [mpm_winnt:notice] [pid 8740:tid 516] AH00354: Child: Starting 64 worker threads.
[Mon Jan 06 09:20:20.864796 2025] [mpm_winnt:notice] [pid 5952:tid 544] AH00422: Parent: Received shutdown signal -- Shutting down the server.
Apache server interrupted...
Apache server interrupted...
[Mon Jan 06 09:20:22.896048 2025] [mpm_winnt:notice] [pid 8740:tid 516] AH00364: Child: All worker threads have exited.
[Mon Jan 06 09:20:22.911673 2025] [mpm_winnt:notice] [pid 5952:tid 544] AH00430: Parent: Child process 8740 exited successfully.
[Mon Jan 06 09:20:25.677301 2025] [mpm_winnt:notice] [pid 9444:tid 524] AH00455: Apache/2.4.58 (Win64) configured -- resuming normal operations
[Mon Jan 06 09:20:25.677301 2025] [mpm_winnt:notice] [pid 9444:tid 524] AH00456: Apache Lounge VS17 Server built: Oct 18 2023 13:03:18
[Mon Jan 06 09:20:25.677301 2025] [core:notice] [pid 9444:tid 524] AH00094: Command line: 'httpd.exe -d C:/Users/Administrateur/Desktop/DashNov/DashNov/Apache24'
[Mon Jan 06 09:20:25.692925 2025] [mpm_winnt:notice] [pid 9444:tid 524] AH00418: Parent: Created child process 14952
[Mon Jan 06 09:20:26.067926 2025] [mpm_winnt:notice] [pid 14952:tid 508] AH00354: Child: Starting 64 worker threads.
[Thu Apr 03 14:52:24.258868 2025] [core:warn] [pid 10196:tid 548] AH00098: pid file C:/Users/Administrateur/Desktop/DashNov/DashNov/Apache24/logs/httpd.pid overwritten -- Unclean shutdown of previous Apache run?
[Thu Apr 03 14:52:24.258868 2025] [mpm_winnt:notice] [pid 10196:tid 548] AH00455: Apache/2.4.58 (Win64) configured -- resuming normal operations
[Thu Apr 03 14:52:24.258868 2025] [mpm_winnt:notice] [pid 10196:tid 548] AH00456: Apache Lounge VS17 Server built: Oct 18 2023 13:03:18
[Thu Apr 03 14:52:24.258868 2025] [core:notice] [pid 10196:tid 548] AH00094: Command line: 'httpd.exe -d C:/Users/Administrateur/Desktop/DashNov/DashNov/Apache24'
[Thu Apr 03 14:52:24.274497 2025] [mpm_winnt:notice] [pid 10196:tid 548] AH00418: Parent: Created child process 3648
[Thu Apr 03 14:52:24.665118 2025] [mpm_winnt:notice] [pid 3648:tid 556] AH00354: Child: Starting 64 worker threads.
[Wed Jul 16 09:43:01.526692 2025] [core:warn] [pid 9308:tid 512] AH00098: pid file C:/Users/Administrateur/Desktop/DashNov/DashNov/Apache24/logs/httpd.pid overwritten -- Unclean shutdown of previous Apache run?
[Wed Jul 16 09:43:01.526692 2025] [mpm_winnt:notice] [pid 9308:tid 512] AH00455: Apache/2.4.58 (Win64) configured -- resuming normal operations
[Wed Jul 16 09:43:01.526692 2025] [mpm_winnt:notice] [pid 9308:tid 512] AH00456: Apache Lounge VS17 Server built: Oct 18 2023 13:03:18
[Wed Jul 16 09:43:01.526692 2025] [core:notice] [pid 9308:tid 512] AH00094: Command line: 'C:\\Users\\Administrateur\\Desktop\\DashNov\\DashNov\\Apache24\\bin\\httpd.exe -d C:/Users/Administrateur/Desktop/DashNov/DashNov/Apache24'
[Wed Jul 16 09:43:01.536693 2025] [mpm_winnt:notice] [pid 9308:tid 512] AH00418: Parent: Created child process 4260
Apache server interrupted...
025] [mpm_winnt:notice] [pid 4260:tid 540] AH00354: Child: Starting 64 worker threads.
[Thu Jul 17 09:19:08.469945 2025] [mpm_winnt:notice] [pid 9308:tid 512] AH00422: Parent: Received shutdown signal -- Shutting down the server.
Apache server interrupted...
Apache server interrupted...
Apache server interrupted...
Apache server interrupted...
Apache server interrupted...
[Thu Jul 17 09:19:10.489953 2025] [mpm_winnt:notice] [pid 4260:tid 540] AH00364: Child: All worker threads have exited.
[Thu Jul 17 09:19:10.509952 2025] [mpm_winnt:notice] [pid 9308:tid 512] AH00430: Parent: Child process 4260 exited successfully.
[Thu Jul 17 09:19:13.548193 2025] [mpm_winnt:notice] [pid 13516:tid 560] AH00455: Apache/2.4.58 (Win64) configured -- resuming normal operations
[Thu Jul 17 09:19:13.548193 2025] [mpm_winnt:notice] [pid 13516:tid 560] AH00456: Apache Lounge VS17 Server built: Oct 18 2023 13:03:18
[Thu Jul 17 09:19:13.548193 2025] [core:notice] [pid 13516:tid 560] AH00094: Command line: 'C:\\Users\\Administrateur\\Desktop\\DashNov\\DashNov\\Apache24\\bin\\httpd.exe -d C:/Users/Administrateur/Desktop/DashNov/DashNov/Apache24'
[Thu Jul 17 09:19:13.548193 2025] [mpm_winnt:notice] [pid 13516:tid 560] AH00418: Parent: Created child process 3028
Apache server interrupted...
025] [mpm_winnt:notice] [pid 3028:tid 528] AH00354: Child: Starting 64 worker threads.
[Wed Oct 01 12:50:03.577457 2025] [mpm_winnt:notice] [pid 13516:tid 560] AH00422: Parent: Received shutdown signal -- Shutting down the server.
Apache server interrupted...
Apache server interrupted...
[Wed Oct 01 12:50:05.590148 2025] [mpm_winnt:notice] [pid 3028:tid 528] AH00364: Child: All worker threads have exited.
[Wed Oct 01 12:50:05.610142 2025] [mpm_winnt:notice] [pid 13516:tid 560] AH00430: Parent: Child process 3028 exited successfully.
[Wed Oct 01 12:50:08.933328 2025] [mpm_winnt:notice] [pid 13488:tid 176] AH00455: Apache/2.4.58 (Win64) configured -- resuming normal operations
[Wed Oct 01 12:50:08.933328 2025] [mpm_winnt:notice] [pid 13488:tid 176] AH00456: Apache Lounge VS17 Server built: Oct 18 2023 13:03:18
[Wed Oct 01 12:50:08.933328 2025] [core:notice] [pid 13488:tid 176] AH00094: Command line: 'C:\\Users\\Administrateur\\Desktop\\DashNov\\DashNov\\Apache24\\bin\\httpd.exe -d C:/Users/Administrateur/Desktop/DashNov/DashNov/Apache24'
[Wed Oct 01 12:50:08.933328 2025] [mpm_winnt:notice] [pid 13488:tid 176] AH00418: Parent: Created child process 14212
Apache server interrupted...
025] [mpm_winnt:notice] [pid 14212:tid 516] AH00354: Child: Starting 64 worker threads.
[Wed Oct 01 12:51:25.110453 2025] [mpm_winnt:notice] [pid 13488:tid 176] AH00422: Parent: Received shutdown signal -- Shutting down the server.
Apache server interrupted...
Apache server interrupted...
Apache server interrupted...
Apache server interrupted...
Apache server interrupted...
Apache server interrupted...
Apache server interrupted...
Apache server interrupted...
Apache server interrupted...
Apache server interrupted...
Apache server interrupted...
[Wed Oct 01 12:51:45.821646 2025] [mpm_winnt:notice] [pid 14212:tid 516] AH00364: Child: All worker threads have exited.
[Wed Oct 01 12:51:45.841648 2025] [mpm_winnt:notice] [pid 13488:tid 176] AH00430: Parent: Child process 14212 exited successfully.
[Wed Oct 01 12:51:50.595381 2025] [mpm_winnt:notice] [pid 148:tid 564] AH00455: Apache/2.4.58 (Win64) configured -- resuming normal operations
[Wed Oct 01 12:51:50.595381 2025] [mpm_winnt:notice] [pid 148:tid 564] AH00456: Apache Lounge VS17 Server built: Oct 18 2023 13:03:18
[Wed Oct 01 12:51:50.595381 2025] [core:notice] [pid 148:tid 564] AH00094: Command line: 'C:\\Users\\Administrateur\\Desktop\\DashNov\\DashNov\\Apache24\\bin\\httpd.exe -d C:/Users/Administrateur/Desktop/DashNov/DashNov/Apache24'
[Wed Oct 01 12:51:50.605379 2025] [mpm_winnt:notice] [pid 148:tid 564] AH00418: Parent: Created child process 11968
[Wed Oct 01 12:51:51.027967 2025] [mpm_winnt:notice] [pid 11968:tid 516] AH00354: Child: Starting 64 worker threads.
[Mon Oct 13 15:16:36.364227 2025] [core:warn] [pid 4432:tid 324] AH00098: pid file C:/DASHNOV/Apache24/logs/httpd.pid overwritten -- Unclean shutdown of previous Apache run?
[Mon Oct 13 15:16:36.379855 2025] [mpm_winnt:notice] [pid 4432:tid 324] AH00455: Apache/2.4.58 (Win64) configured -- resuming normal operations
[Mon Oct 13 15:16:36.379855 2025] [mpm_winnt:notice] [pid 4432:tid 324] AH00456: Apache Lounge VS17 Server built: Oct 18 2023 13:03:18
[Mon Oct 13 15:16:36.379855 2025] [core:notice] [pid 4432:tid 324] AH00094: Command line: '.\\httpd.exe -d C:/DASHNOV/Apache24'
[Mon Oct 13 15:16:36.379855 2025] [mpm_winnt:notice] [pid 4432:tid 324] AH00418: Parent: Created child process 6636
Apache server interrupted...
025] [mpm_winnt:notice] [pid 6636:tid 328] AH00354: Child: Starting 64 worker threads.
[Mon Oct 13 15:41:11.458093 2025] [mpm_winnt:notice] [pid 4432:tid 324] AH00422: Parent: Received shutdown signal -- Shutting down the server.
Apache server interrupted...
Apache server interrupted...
Apache server interrupted...
Apache server interrupted...
Apache server interrupted...
Apache server interrupted...
Apache server interrupted...
[Mon Oct 13 15:41:41.459530 2025] [mpm_winnt:notice] [pid 4432:tid 324] AH00431: Parent: Forcing termination of child process 6636
[Mon Oct 13 15:41:49.067334 2025] [mpm_winnt:notice] [pid 8256:tid 324] AH00455: Apache/2.4.58 (Win64) configured -- resuming normal operations
[Mon Oct 13 15:41:49.067334 2025] [mpm_winnt:notice] [pid 8256:tid 324] AH00456: Apache Lounge VS17 Server built: Oct 18 2023 13:03:18
[Mon Oct 13 15:41:49.067334 2025] [core:notice] [pid 8256:tid 324] AH00094: Command line: '.\\httpd.exe -d C:/DASHNOV/Apache24'
[Mon Oct 13 15:41:49.067334 2025] [mpm_winnt:notice] [pid 8256:tid 324] AH00418: Parent: Created child process 8536
Apache server interrupted...
025] [mpm_winnt:notice] [pid 8536:tid 328] AH00354: Child: Starting 64 worker threads.
[Mon Oct 13 16:36:06.965127 2025] [mpm_winnt:notice] [pid 8256:tid 324] AH00422: Parent: Received shutdown signal -- Shutting down the server.
Apache server interrupted...
Apache server interrupted...
Apache server interrupted...
Apache server interrupted...
Apache server interrupted...
Apache server interrupted...
Apache server interrupted...
Apache server interrupted...
Apache server interrupted...
[Mon Oct 13 16:36:08.996390 2025] [mpm_winnt:notice] [pid 8536:tid 328] AH00364: Child: All worker threads have exited.
[Mon Oct 13 16:36:09.027637 2025] [mpm_winnt:notice] [pid 8256:tid 324] AH00430: Parent: Child process 8536 exited successfully.
[Mon Oct 13 16:36:25.762051 2025] [mpm_winnt:notice] [pid 8708:tid 324] AH00455: Apache/2.4.58 (Win64) configured -- resuming normal operations
[Mon Oct 13 16:36:25.762051 2025] [mpm_winnt:notice] [pid 8708:tid 324] AH00456: Apache Lounge VS17 Server built: Oct 18 2023 13:03:18
[Mon Oct 13 16:36:25.762051 2025] [core:notice] [pid 8708:tid 324] AH00094: Command line: '.\\httpd.exe -d C:/DASHNOV/Apache24'
[Mon Oct 13 16:36:25.793301 2025] [mpm_winnt:notice] [pid 8708:tid 324] AH00418: Parent: Created child process 7656
Apache server interrupted...
025] [mpm_winnt:notice] [pid 7656:tid 328] AH00354: Child: Starting 64 worker threads.
[Mon Oct 13 16:37:24.261998 2025] [mpm_winnt:notice] [pid 8708:tid 324] AH00422: Parent: Received shutdown signal -- Shutting down the server.
Apache server interrupted...
[Mon Oct 13 16:37:51.985484 2025] [mpm_winnt:notice] [pid 7656:tid 328] AH00364: Child: All worker threads have exited.
[Mon Oct 13 16:37:52.032218 2025] [mpm_winnt:notice] [pid 8708:tid 324] AH00430: Parent: Child process 7656 exited successfully.
[Mon Oct 13 16:38:37.855865 2025] [mpm_winnt:notice] [pid 5264:tid 324] AH00455: Apache/2.4.58 (Win64) configured -- resuming normal operations
[Mon Oct 13 16:38:37.855865 2025] [mpm_winnt:notice] [pid 5264:tid 324] AH00456: Apache Lounge VS17 Server built: Oct 18 2023 13:03:18
[Mon Oct 13 16:38:37.855865 2025] [core:notice] [pid 5264:tid 324] AH00094: Command line: '.\\httpd.exe -d C:/DASHNOV/Apache24'
[Mon Oct 13 16:38:37.887017 2025] [mpm_winnt:notice] [pid 5264:tid 324] AH00418: Parent: Created child process 7784
Apache server shutdown initiated...
pm_winnt:notice] [pid 7784:tid 328] AH00354: Child: Starting 64 worker threads.
[Fri Oct 17 15:35:01.378633 2025] [mpm_winnt:notice] [pid 5264:tid 324] AH00422: Parent: Received shutdown signal -- Shutting down the server.
[Fri Oct 17 15:35:03.394589 2025] [mpm_winnt:notice] [pid 7784:tid 328] AH00364: Child: All worker threads have exited.
[Fri Oct 17 15:35:03.410103 2025] [mpm_winnt:notice] [pid 5264:tid 324] AH00430: Parent: Child process 7784 exited successfully.
[Fri Oct 17 15:35:29.628670 2025] [mpm_winnt:notice] [pid 8532:tid 324] AH00455: Apache/2.4.58 (Win64) configured -- resuming normal operations
[Fri Oct 17 15:35:29.644294 2025] [mpm_winnt:notice] [pid 8532:tid 324] AH00456: Apache Lounge VS17 Server built: Oct 18 2023 13:03:18
[Fri Oct 17 15:35:29.644294 2025] [core:notice] [pid 8532:tid 324] AH00094: Command line: 'httpd.exe -d C:/DASHNOV/Apache24'
[Fri Oct 17 15:35:29.659920 2025] [mpm_winnt:notice] [pid 8532:tid 324] AH00418: Parent: Created child process 2856
Apache server interrupted...
025] [mpm_winnt:notice] [pid 2856:tid 328] AH00354: Child: Starting 64 worker threads.
[Wed Oct 29 09:02:40.178091 2025] [mpm_winnt:notice] [pid 8532:tid 324] AH00422: Parent: Received shutdown signal -- Shutting down the server.
[Wed Oct 29 09:02:42.209373 2025] [mpm_winnt:notice] [pid 2856:tid 328] AH00364: Child: All worker threads have exited.
[Wed Oct 29 09:02:42.224997 2025] [mpm_winnt:notice] [pid 8532:tid 324] AH00430: Parent: Child process 2856 exited successfully.
[Wed Oct 29 09:11:03.372950 2025] [mpm_winnt:notice] [pid 7416:tid 324] AH00455: Apache/2.4.58 (Win64) configured -- resuming normal operations
[Wed Oct 29 09:11:03.372950 2025] [mpm_winnt:notice] [pid 7416:tid 324] AH00456: Apache Lounge VS17 Server built: Oct 18 2023 13:03:18
[Wed Oct 29 09:11:03.372950 2025] [core:notice] [pid 7416:tid 324] AH00094: Command line: 'httpd.exe -d C:/DASHNOV/Apache24'
[Wed Oct 29 09:11:03.372950 2025] [mpm_winnt:notice] [pid 7416:tid 324] AH00418: Parent: Created child process 7104
Apache server interrupted...
025] [mpm_winnt:notice] [pid 7104:tid 328] AH00354: Child: Starting 64 worker threads.
[Wed Oct 29 11:01:47.144790 2025] [mpm_winnt:notice] [pid 7416:tid 324] AH00422: Parent: Received shutdown signal -- Shutting down the server.
Apache server interrupted...
[Wed Oct 29 11:01:49.160417 2025] [mpm_winnt:notice] [pid 7104:tid 328] AH00364: Child: All worker threads have exited.
[Wed Oct 29 11:01:49.176039 2025] [mpm_winnt:notice] [pid 7416:tid 324] AH00430: Parent: Child process 7104 exited successfully.
[Wed Oct 29 11:01:55.738567 2025] [mpm_winnt:notice] [pid 7056:tid 312] AH00455: Apache/2.4.58 (Win64) configured -- resuming normal operations
[Wed Oct 29 11:01:55.738567 2025] [mpm_winnt:notice] [pid 7056:tid 312] AH00456: Apache Lounge VS17 Server built: Oct 18 2023 13:03:18
[Wed Oct 29 11:01:55.738567 2025] [core:notice] [pid 7056:tid 312] AH00094: Command line: 'C:\\DASHNOV\\Apache24\\bin\\httpd.exe -d C:/DASHNOV/Apache24'
[Wed Oct 29 11:01:55.738567 2025] [mpm_winnt:notice] [pid 7056:tid 312] AH00418: Parent: Created child process 6208
Apache server shutdown initiated...
pm_winnt:notice] [pid 6208:tid 320] AH00354: Child: Starting 64 worker threads.
[Wed Oct 29 11:07:52.159031 2025] [mpm_winnt:notice] [pid 7056:tid 312] AH00422: Parent: Received shutdown signal -- Shutting down the server.
[Wed Oct 29 11:08:21.097455 2025] [core:warn] [pid 4300:tid 312] AH00098: pid file C:/DASHNOV/Apache24/logs/httpd.pid overwritten -- Unclean shutdown of previous Apache run?
[Wed Oct 29 11:08:21.097455 2025] [mpm_winnt:notice] [pid 4300:tid 312] AH00455: Apache/2.4.58 (Win64) configured -- resuming normal operations
[Wed Oct 29 11:08:21.097455 2025] [mpm_winnt:notice] [pid 4300:tid 312] AH00456: Apache Lounge VS17 Server built: Oct 18 2023 13:03:18
[Wed Oct 29 11:08:21.097455 2025] [core:notice] [pid 4300:tid 312] AH00094: Command line: 'C:\\DASHNOV\\Apache24\\bin\\httpd.exe -d C:/DASHNOV/Apache24'
[Wed Oct 29 11:08:21.097455 2025] [mpm_winnt:notice] [pid 4300:tid 312] AH00418: Parent: Created child process 4372
Apache server interrupted...
025] [mpm_winnt:notice] [pid 4372:tid 320] AH00354: Child: Starting 64 worker threads.
[Wed Oct 29 11:21:02.982226 2025] [mpm_winnt:notice] [pid 4300:tid 312] AH00422: Parent: Received shutdown signal -- Shutting down the server.
[Wed Oct 29 11:21:05.013488 2025] [mpm_winnt:notice] [pid 4372:tid 320] AH00364: Child: All worker threads have exited.
[Wed Oct 29 11:21:05.029113 2025] [mpm_winnt:notice] [pid 4300:tid 312] AH00430: Parent: Child process 4372 exited successfully.
[Wed Oct 29 11:21:07.097146 2025] [mpm_winnt:notice] [pid 8004:tid 312] AH00455: Apache/2.4.58 (Win64) configured -- resuming normal operations
[Wed Oct 29 11:21:07.097146 2025] [mpm_winnt:notice] [pid 8004:tid 312] AH00456: Apache Lounge VS17 Server built: Oct 18 2023 13:03:18
[Wed Oct 29 11:21:07.097146 2025] [core:notice] [pid 8004:tid 312] AH00094: Command line: 'C:\\DASHNOV\\Apache24\\bin\\httpd.exe -d C:/DASHNOV/Apache24'
[Wed Oct 29 11:21:07.097146 2025] [mpm_winnt:notice] [pid 8004:tid 312] AH00418: Parent: Created child process 2816
Apache server interrupted...
025] [mpm_winnt:notice] [pid 2816:tid 320] AH00354: Child: Starting 64 worker threads.
[Wed Oct 29 11:23:11.294780 2025] [mpm_winnt:notice] [pid 8004:tid 312] AH00422: Parent: Received shutdown signal -- Shutting down the server.
[Wed Oct 29 11:23:13.326005 2025] [mpm_winnt:notice] [pid 2816:tid 320] AH00364: Child: All worker threads have exited.
[Wed Oct 29 11:23:13.341634 2025] [mpm_winnt:notice] [pid 8004:tid 312] AH00430: Parent: Child process 2816 exited successfully.
[Wed Oct 29 11:23:14.310391 2025] [mpm_winnt:notice] [pid 4412:tid 312] AH00455: Apache/2.4.58 (Win64) configured -- resuming normal operations
[Wed Oct 29 11:23:14.310391 2025] [mpm_winnt:notice] [pid 4412:tid 312] AH00456: Apache Lounge VS17 Server built: Oct 18 2023 13:03:18
[Wed Oct 29 11:23:14.310391 2025] [core:notice] [pid 4412:tid 312] AH00094: Command line: 'C:\\DASHNOV\\Apache24\\bin\\httpd.exe -d C:/DASHNOV/Apache24'
[Wed Oct 29 11:23:14.341641 2025] [mpm_winnt:notice] [pid 4412:tid 312] AH00418: Parent: Created child process 4648
Apache server interrupted...
025] [mpm_winnt:notice] [pid 4648:tid 320] AH00354: Child: Starting 64 worker threads.
[Wed Oct 29 11:23:18.407077 2025] [autoindex:error] [pid 4648:tid 924] [client 192.168.201.36:49980] AH01276: Cannot serve directory C:/DASHNOV/: No matching DirectoryIndex (DashNov5_GUI_V3.html) found, and server-generated directory index forbidden by Options directive
[Wed Oct 29 11:23:19.706953 2025] [autoindex:error] [pid 4648:tid 924] [client 192.168.201.36:49980] AH01276: Cannot serve directory C:/DASHNOV/: No matching DirectoryIndex (DashNov5_GUI_V3.html) found, and server-generated directory index forbidden by Options directive
[Wed Oct 29 11:23:20.335155 2025] [autoindex:error] [pid 4648:tid 924] [client 192.168.201.36:49980] AH01276: Cannot serve directory C:/DASHNOV/: No matching DirectoryIndex (DashNov5_GUI_V3.html) found, and server-generated directory index forbidden by Options directive
[Wed Oct 29 11:23:20.928226 2025] [autoindex:error] [pid 4648:tid 924] [client 192.168.201.36:49980] AH01276: Cannot serve directory C:/DASHNOV/: No matching DirectoryIndex (DashNov5_GUI_V3.html) found, and server-generated directory index forbidden by Options directive
[Wed Oct 29 11:23:21.504739 2025] [autoindex:error] [pid 4648:tid 924] [client 192.168.201.36:49980] AH01276: Cannot serve directory C:/DASHNOV/: No matching DirectoryIndex (DashNov5_GUI_V3.html) found, and server-generated directory index forbidden by Options directive
[Wed Oct 29 11:23:22.158346 2025] [autoindex:error] [pid 4648:tid 924] [client 192.168.201.36:49980] AH01276: Cannot serve directory C:/DASHNOV/: No matching DirectoryIndex (DashNov5_GUI_V3.html) found, and server-generated directory index forbidden by Options directive
[Wed Oct 29 11:23:24.161100 2025] [autoindex:error] [pid 4648:tid 924] [client 192.168.201.36:49980] AH01276: Cannot serve directory C:/DASHNOV/: No matching DirectoryIndex (DashNov5_GUI_V3.html) found, and server-generated directory index forbidden by Options directive
[Wed Oct 29 11:23:26.837748 2025] [autoindex:error] [pid 4648:tid 920] [client 192.168.200.198:52494] AH01276: Cannot serve directory C:/DASHNOV/: No matching DirectoryIndex (DashNov5_GUI_V3.html) found, and server-generated directory index forbidden by Options directive
[Wed Oct 29 11:23:27.650249 2025] [autoindex:error] [pid 4648:tid 920] [client 192.168.200.198:52494] AH01276: Cannot serve directory C:/DASHNOV/: No matching DirectoryIndex (DashNov5_GUI_V3.html) found, and server-generated directory index forbidden by Options directive
[Wed Oct 29 11:23:28.118997 2025] [autoindex:error] [pid 4648:tid 920] [client 192.168.200.198:52494] AH01276: Cannot serve directory C:/DASHNOV/: No matching DirectoryIndex (DashNov5_GUI_V3.html) found, and server-generated directory index forbidden by Options directive
[Wed Oct 29 11:23:30.154117 2025] [autoindex:error] [pid 4648:tid 920] [client 192.168.200.198:52494] AH01276: Cannot serve directory C:/DASHNOV/: No matching DirectoryIndex (DashNov5_GUI_V3.html) found, and server-generated directory index forbidden by Options directive
[Wed Oct 29 11:23:30.607242 2025] [autoindex:error] [pid 4648:tid 920] [client 192.168.200.198:52494] AH01276: Cannot serve directory C:/DASHNOV/: No matching DirectoryIndex (DashNov5_GUI_V3.html) found, and server-generated directory index forbidden by Options directive
[Wed Oct 29 11:23:31.060365 2025] [autoindex:error] [pid 4648:tid 920] [client 192.168.200.198:52494] AH01276: Cannot serve directory C:/DASHNOV/: No matching DirectoryIndex (DashNov5_GUI_V3.html) found, and server-generated directory index forbidden by Options directive
[Wed Oct 29 11:23:31.513492 2025] [autoindex:error] [pid 4648:tid 920] [client 192.168.200.198:52494] AH01276: Cannot serve directory C:/DASHNOV/: No matching DirectoryIndex (DashNov5_GUI_V3.html) found, and server-generated directory index forbidden by Options directive
[Wed Oct 29 11:23:31.904117 2025] [autoindex:error] [pid 4648:tid 920] [client 192.168.200.198:52494] AH01276: Cannot serve directory C:/DASHNOV/: No matching DirectoryIndex (DashNov5_GUI_V3.html) found, and server-generated directory index forbidden by Options directive
[Wed Oct 29 11:23:32.372869 2025] [autoindex:error] [pid 4648:tid 920] [client 192.168.200.198:52494] AH01276: Cannot serve directory C:/DASHNOV/: No matching DirectoryIndex (DashNov5_GUI_V3.html) found, and server-generated directory index forbidden by Options directive
[Wed Oct 29 11:23:32.857242 2025] [autoindex:error] [pid 4648:tid 920] [client 192.168.200.198:52494] AH01276: Cannot serve directory C:/DASHNOV/: No matching DirectoryIndex (DashNov5_GUI_V3.html) found, and server-generated directory index forbidden by Options directive
[Wed Oct 29 11:23:42.440203 2025] [autoindex:error] [pid 4648:tid 916] [client 192.168.200.198:52493] AH01276: Cannot serve directory C:/DASHNOV/: No matching DirectoryIndex (DashNov5_GUI_V3.html) found, and server-generated directory index forbidden by Options directive
[Wed Oct 29 11:23:43.424577 2025] [autoindex:error] [pid 4648:tid 916] [client 192.168.200.198:52493] AH01276: Cannot serve directory C:/DASHNOV/: No matching DirectoryIndex (DashNov5_GUI_V3.html) found, and server-generated directory index forbidden by Options directive
[Wed Oct 29 11:24:19.201021 2025] [mpm_winnt:notice] [pid 4412:tid 312] AH00422: Parent: Received shutdown signal -- Shutting down the server.
[Wed Oct 29 11:24:23.029056 2025] [core:warn] [pid 984:tid 312] AH00098: pid file C:/DASHNOV/Apache24/logs/httpd.pid overwritten -- Unclean shutdown of previous Apache run?
[Wed Oct 29 11:24:23.044682 2025] [mpm_winnt:notice] [pid 984:tid 312] AH00455: Apache/2.4.58 (Win64) configured -- resuming normal operations
[Wed Oct 29 11:24:23.044682 2025] [mpm_winnt:notice] [pid 984:tid 312] AH00456: Apache Lounge VS17 Server built: Oct 18 2023 13:03:18
[Wed Oct 29 11:24:23.044682 2025] [core:notice] [pid 984:tid 312] AH00094: Command line: 'C:\\DASHNOV\\Apache24\\bin\\httpd.exe -d C:/DASHNOV/Apache24'
[Wed Oct 29 11:24:23.060308 2025] [mpm_winnt:notice] [pid 984:tid 312] AH00418: Parent: Created child process 6024
Apache server interrupted...
025] [mpm_winnt:notice] [pid 6024:tid 320] AH00354: Child: Starting 64 worker threads.
[Wed Oct 29 11:24:26.962936 2025] [autoindex:error] [pid 6024:tid 924] [client 192.168.201.36:49991] AH01276: Cannot serve directory C:/DASHNOV/: No matching DirectoryIndex (DashNov5_GUI_V3.html) found, and server-generated directory index forbidden by Options directive
[Wed Oct 29 11:24:27.628533 2025] [autoindex:error] [pid 6024:tid 924] [client 192.168.201.36:49991] AH01276: Cannot serve directory C:/DASHNOV/: No matching DirectoryIndex (DashNov5_GUI_V3.html) found, and server-generated directory index forbidden by Options directive
[Wed Oct 29 11:24:28.062876 2025] [autoindex:error] [pid 6024:tid 924] [client 192.168.201.36:49991] AH01276: Cannot serve directory C:/DASHNOV/: No matching DirectoryIndex (DashNov5_GUI_V3.html) found, and server-generated directory index forbidden by Options directive
[Wed Oct 29 11:24:28.423379 2025] [autoindex:error] [pid 6024:tid 924] [client 192.168.201.36:49991] AH01276: Cannot serve directory C:/DASHNOV/: No matching DirectoryIndex (DashNov5_GUI_V3.html) found, and server-generated directory index forbidden by Options directive
[Wed Oct 29 11:24:28.670373 2025] [autoindex:error] [pid 6024:tid 924] [client 192.168.201.36:49991] AH01276: Cannot serve directory C:/DASHNOV/: No matching DirectoryIndex (DashNov5_GUI_V3.html) found, and server-generated directory index forbidden by Options directive
[Wed Oct 29 11:24:29.105592 2025] [autoindex:error] [pid 6024:tid 924] [client 192.168.201.36:49991] AH01276: Cannot serve directory C:/DASHNOV/: No matching DirectoryIndex (DashNov5_GUI_V3.html) found, and server-generated directory index forbidden by Options directive
[Wed Oct 29 11:24:29.487610 2025] [autoindex:error] [pid 6024:tid 924] [client 192.168.201.36:49991] AH01276: Cannot serve directory C:/DASHNOV/: No matching DirectoryIndex (DashNov5_GUI_V3.html) found, and server-generated directory index forbidden by Options directive
[Wed Oct 29 11:24:29.697600 2025] [autoindex:error] [pid 6024:tid 924] [client 192.168.201.36:49991] AH01276: Cannot serve directory C:/DASHNOV/: No matching DirectoryIndex (DashNov5_GUI_V3.html) found, and server-generated directory index forbidden by Options directive
[Wed Oct 29 11:24:29.883542 2025] [autoindex:error] [pid 6024:tid 924] [client 192.168.201.36:49991] AH01276: Cannot serve directory C:/DASHNOV/: No matching DirectoryIndex (DashNov5_GUI_V3.html) found, and server-generated directory index forbidden by Options directive
[Wed Oct 29 11:24:30.073744 2025] [autoindex:error] [pid 6024:tid 924] [client 192.168.201.36:49991] AH01276: Cannot serve directory C:/DASHNOV/: No matching DirectoryIndex (DashNov5_GUI_V3.html) found, and server-generated directory index forbidden by Options directive
[Wed Oct 29 11:24:30.541479 2025] [autoindex:error] [pid 6024:tid 924] [client 192.168.201.36:49991] AH01276: Cannot serve directory C:/DASHNOV/: No matching DirectoryIndex (DashNov5_GUI_V3.html) found, and server-generated directory index forbidden by Options directive
[Wed Oct 29 11:24:30.920280 2025] [autoindex:error] [pid 6024:tid 924] [client 192.168.201.36:49991] AH01276: Cannot serve directory C:/DASHNOV/: No matching DirectoryIndex (DashNov5_GUI_V3.html) found, and server-generated directory index forbidden by Options directive
[Wed Oct 29 11:24:31.544660 2025] [autoindex:error] [pid 6024:tid 924] [client 192.168.201.36:49991] AH01276: Cannot serve directory C:/DASHNOV/: No matching DirectoryIndex (DashNov5_GUI_V3.html) found, and server-generated directory index forbidden by Options directive
[Wed Oct 29 11:24:35.337046 2025] [autoindex:error] [pid 6024:tid 916] [client 192.168.200.198:58671] AH01276: Cannot serve directory C:/DASHNOV/: No matching DirectoryIndex (DashNov5_GUI_V3.html) found, and server-generated directory index forbidden by Options directive
[Wed Oct 29 11:25:17.560391 2025] [mpm_winnt:notice] [pid 984:tid 312] AH00422: Parent: Received shutdown signal -- Shutting down the server.
[Wed Oct 29 11:25:21.372845 2025] [core:warn] [pid 4588:tid 312] AH00098: pid file C:/DASHNOV/Apache24/logs/httpd.pid overwritten -- Unclean shutdown of previous Apache run?
[Wed Oct 29 11:25:21.388470 2025] [mpm_winnt:notice] [pid 4588:tid 312] AH00455: Apache/2.4.58 (Win64) configured -- resuming normal operations
[Wed Oct 29 11:25:21.388470 2025] [mpm_winnt:notice] [pid 4588:tid 312] AH00456: Apache Lounge VS17 Server built: Oct 18 2023 13:03:18
[Wed Oct 29 11:25:21.388470 2025] [core:notice] [pid 4588:tid 312] AH00094: Command line: 'C:\\DASHNOV\\Apache24\\bin\\httpd.exe -d C:/DASHNOV/Apache24'
[Wed Oct 29 11:25:21.404095 2025] [mpm_winnt:notice] [pid 4588:tid 312] AH00418: Parent: Created child process 5112
Apache server interrupted...
025] [mpm_winnt:notice] [pid 5112:tid 320] AH00354: Child: Starting 64 worker threads.
[Wed Oct 29 11:27:48.075951 2025] [mpm_winnt:notice] [pid 4588:tid 312] AH00422: Parent: Received shutdown signal -- Shutting down the server.
[Wed Oct 29 11:27:50.091558 2025] [mpm_winnt:notice] [pid 5112:tid 320] AH00364: Child: All worker threads have exited.
[Wed Oct 29 11:27:50.107184 2025] [mpm_winnt:notice] [pid 4588:tid 312] AH00430: Parent: Child process 5112 exited successfully.
[Wed Oct 29 11:27:51.122824 2025] [mpm_winnt:notice] [pid 3960:tid 312] AH00455: Apache/2.4.58 (Win64) configured -- resuming normal operations
[Wed Oct 29 11:27:51.122824 2025] [mpm_winnt:notice] [pid 3960:tid 312] AH00456: Apache Lounge VS17 Server built: Oct 18 2023 13:03:18
[Wed Oct 29 11:27:51.122824 2025] [core:notice] [pid 3960:tid 312] AH00094: Command line: 'C:\\DASHNOV\\Apache24\\bin\\httpd.exe -d C:/DASHNOV/Apache24'
[Wed Oct 29 11:27:51.138450 2025] [mpm_winnt:notice] [pid 3960:tid 312] AH00418: Parent: Created child process 3972
Apache server interrupted...
025] [mpm_winnt:notice] [pid 3972:tid 320] AH00354: Child: Starting 64 worker threads.
[Wed Oct 29 11:50:16.544022 2025] [mpm_winnt:notice] [pid 3960:tid 312] AH00422: Parent: Received shutdown signal -- Shutting down the server.
[Wed Oct 29 11:50:18.559671 2025] [mpm_winnt:notice] [pid 3972:tid 320] AH00364: Child: All worker threads have exited.
[Wed Oct 29 11:50:18.575299 2025] [mpm_winnt:notice] [pid 3960:tid 312] AH00430: Parent: Child process 3972 exited successfully.
[Wed Oct 29 12:09:06.355752 2025] [mpm_winnt:notice] [pid 1620:tid 312] AH00455: Apache/2.4.58 (Win64) configured -- resuming normal operations
[Wed Oct 29 12:09:06.371377 2025] [mpm_winnt:notice] [pid 1620:tid 312] AH00456: Apache Lounge VS17 Server built: Oct 18 2023 13:03:18
[Wed Oct 29 12:09:06.371377 2025] [core:notice] [pid 1620:tid 312] AH00094: Command line: 'C:\\DASHNOV\\Apache24\\bin\\httpd.exe -d C:/DASHNOV/Apache24'
[Wed Oct 29 12:09:06.402630 2025] [mpm_winnt:notice] [pid 1620:tid 312] AH00418: Parent: Created child process 4528
Apache server interrupted...
025] [mpm_winnt:notice] [pid 4528:tid 320] AH00354: Child: Starting 64 worker threads.
[Wed Oct 29 12:14:27.590088 2025] [mpm_winnt:notice] [pid 1620:tid 312] AH00422: Parent: Received shutdown signal -- Shutting down the server.
[Wed Oct 29 12:14:29.621322 2025] [mpm_winnt:notice] [pid 4528:tid 320] AH00364: Child: All worker threads have exited.
[Wed Oct 29 12:14:29.636958 2025] [mpm_winnt:notice] [pid 1620:tid 312] AH00430: Parent: Child process 4528 exited successfully.
[Wed Oct 29 12:14:30.636968 2025] [mpm_winnt:notice] [pid 7664:tid 312] AH00455: Apache/2.4.58 (Win64) configured -- resuming normal operations
[Wed Oct 29 12:14:30.636968 2025] [mpm_winnt:notice] [pid 7664:tid 312] AH00456: Apache Lounge VS17 Server built: Oct 18 2023 13:03:18
[Wed Oct 29 12:14:30.636968 2025] [core:notice] [pid 7664:tid 312] AH00094: Command line: 'C:\\DASHNOV\\Apache24\\bin\\httpd.exe -d C:/DASHNOV/Apache24'
[Wed Oct 29 12:14:30.668222 2025] [mpm_winnt:notice] [pid 7664:tid 312] AH00418: Parent: Created child process 6268
Apache server interrupted...
025] [mpm_winnt:notice] [pid 6268:tid 320] AH00354: Child: Starting 64 worker threads.
[Wed Oct 29 12:18:21.418193 2025] [mpm_winnt:notice] [pid 7664:tid 312] AH00422: Parent: Received shutdown signal -- Shutting down the server.
[Wed Oct 29 12:18:23.449504 2025] [mpm_winnt:notice] [pid 6268:tid 320] AH00364: Child: All worker threads have exited.
[Wed Oct 29 12:18:23.465131 2025] [mpm_winnt:notice] [pid 7664:tid 312] AH00430: Parent: Child process 6268 exited successfully.
[Wed Oct 29 12:18:24.479031 2025] [mpm_winnt:notice] [pid 5264:tid 312] AH00455: Apache/2.4.58 (Win64) configured -- resuming normal operations
[Wed Oct 29 12:18:24.479031 2025] [mpm_winnt:notice] [pid 5264:tid 312] AH00456: Apache Lounge VS17 Server built: Oct 18 2023 13:03:18
[Wed Oct 29 12:18:24.479031 2025] [core:notice] [pid 5264:tid 312] AH00094: Command line: 'C:\\DASHNOV\\Apache24\\bin\\httpd.exe -d C:/DASHNOV/Apache24'
[Wed Oct 29 12:18:24.496670 2025] [mpm_winnt:notice] [pid 5264:tid 312] AH00418: Parent: Created child process 4504
Apache server interrupted...
025] [mpm_winnt:notice] [pid 4504:tid 320] AH00354: Child: Starting 64 worker threads.
[Wed Oct 29 12:19:35.886937 2025] [mpm_winnt:notice] [pid 5264:tid 312] AH00422: Parent: Received shutdown signal -- Shutting down the server.
[Wed Oct 29 12:19:39.808777 2025] [core:warn] [pid 6860:tid 312] AH00098: pid file C:/DASHNOV/Apache24/logs/httpd.pid overwritten -- Unclean shutdown of previous Apache run?
[Wed Oct 29 12:19:39.824402 2025] [mpm_winnt:notice] [pid 6860:tid 312] AH00455: Apache/2.4.58 (Win64) configured -- resuming normal operations
[Wed Oct 29 12:19:39.824402 2025] [mpm_winnt:notice] [pid 6860:tid 312] AH00456: Apache Lounge VS17 Server built: Oct 18 2023 13:03:18
[Wed Oct 29 12:19:39.824402 2025] [core:notice] [pid 6860:tid 312] AH00094: Command line: 'C:\\DASHNOV\\Apache24\\bin\\httpd.exe -d C:/DASHNOV/Apache24'
[Wed Oct 29 12:19:39.855652 2025] [mpm_winnt:notice] [pid 6860:tid 312] AH00418: Parent: Created child process 4080
[Wed Oct 29 12:19:40.277527 2025] [mpm_winnt:notice] [pid 4080:tid 320] AH00354: Child: Starting 64 worker threads.
